AUTOTEST enabled houses=5 checks=(default)
07:23:51.034 autotest: AUTOTEST START houses=[5] checks=[corpus,lot,motive,mood,load,savedthreads,relation,censor,rel-key,rel-mode,names,audio,jobs,npcinfo,persondata,travelinv,career,freewill,freewillvar,personality,motiveinit,skills,motiveact,relact,money,ttab,ttas,opcodes,genericcall12,genericcall13,genericcall14,callgraph,globalcalls,catalog,snd,iff,objd,ctss,strs,consts,bhvi,bhop,dgrp,slot,operand,opmx,chunks,brainlive,deathchain,savesim,uidump,uipal,loadscreen,carseek,uichrome,uitoolbar,uicur,uiglyph,uiboot,uilogo,uianim,uinbhd,uisplash,uidialog,uilotq,uilive,uijob,uivis,uicas,uidtips,uivfont,uimpanel,uiopts,uibuy,uiexpband,uibandlaw,uienamat,uiinterest,uiintvals,uiexpint,uiexprand,uiconv,uibrand,uidesc,uitt,uibuild,uibldt,uiinterest,uiroof,uigauge,uirate,uihouse,uivalue,uitext,uisurvey,uizoomcage,uicp,uidlgchrome,uibargeom,uiqueuegeom,uicasorig,uirel,uinav,uibudget,uihelp,uiscrap,uipie,uiphone,uismall,uiballoon,uisyschrome,uibigbtn,simvis,uidirt,uistrfam,uifriend,uipanelentry,uicheat,uitrans,uivita,uivitaplay,uicheathelp,uitotal,uiviewpie,censorpixel,roomlaw,uitutorial,uicapture,uipip,uiclip,uicutaway,uitutorial-highlight] timeout=1800000ms
07:23:51.050 autotest: AUTOTEST hook-registered
2026-09-08 07:23:51.286 TheSims[55049:41690446] ApplePersistenceIgnoreState: Existing state will not be touched. New state will be written to /var/folders/sg/3fjlktk972j1zkbssc8dfcrw0000gn/T/com.thesims.macos.savedState
07:23:51.321 exit-probe: before Run
07:23:51.321 exit-probe: Game.Run(Sync) enter
07:23:51.642 exit-probe: Initialize enter
07:23:51.825 exit-probe: Initialize exit
07:23:51.826 screen: EnterLoading
07:23:51.860 loadscreen: DIRECT FAR mount original kSimsLogo boot screen 800x600 len=1440056 sha=8ecf9500 (from frame one; Simitone loader chrome deleted R118)
07:23:51.861 content-init: begin
07:23:51.927 loadscreen: IFF-mount original splashprogress strings (17) in variablesans_10 over the boot screen
07:23:53.809 loading-screen: update frame=120 complete=False progress=InitObjects
Unexpected TrailingZero: 617176985
Unexpected TrailingZero: -666831736
Unexpected TrailingZero: 1995593413
07:23:54.046 content-init: done
07:23:54.055 cursor-init: IFF resolve liveperson.cur -> Shared\cursors\LivePerson.cur 326 bytes
07:23:54.056 cursor-init: IFF-first original cursors mounted livePersonLen=326
07:23:54.059 loadscreen: IFF-mount original Community\Bus_loadscreen_1024x768.bmp
07:23:54.062 loadscreen: IFF-mount texture 1024x768
07:23:54.063 EnterGameMode lot= external=False
07:23:54.078 uioriginal: IFF-mount original Downtown\LargeBack.bmp
07:23:54.080 uinav: IFF-mount neighborhood surround 1024x768
07:23:54.147 uioriginal: IFF-mount original Nbhd\HotspotPopupTiler.TGA
07:23:54.157 uioriginal: IFF-mount original NghUI\banner_neighborhood.bmp
07:23:54.158 uioriginal: IFF-mount original NghUI\Current.bmp
07:23:54.158 uioriginal: IFF-mount original NghUI\MoveIn.bmp
07:23:54.158 uioriginal: IFF-mount original NghUI\Bulldoze.bmp
07:23:54.159 uioriginal: IFF-mount original NghUI\Exit.bmp
07:23:54.159 uioriginal: IFF-mount original NghUI\InetBtn.bmp
07:23:54.159 uioriginal: IFF-mount original Nbhd\CreditBtnEn.bmp
07:23:54.159 uioriginal: IFF-mount original NghUI\Previous.bmp
07:23:54.159 uioriginal: IFF-mount original NghUI\Next.bmp
07:23:54.159 uioriginal: IFF-mount original NghUI\Import.bmp
07:23:54.161 uioriginal: IFF-mount original NghUI\Downtown.bmp
07:23:54.161 uioriginal: IFF-mount original NghUI\TheSimsLogo.bmp
07:23:54.161 uioriginal: IFF-mount original NghUI\Vacation.bmp
07:23:54.161 uioriginal: IFF-mount original NghUI\Rezone.bmp
07:23:54.161 uioriginal: IFF-mount original NghUI\Studiotown.bmp
07:23:54.161 uioriginal: IFF-mount original NghUI\MagicLand.bmp
07:23:54.163 global-context: global.iff BHAVs=251
07:23:54.165 module: PersonGlobals BHAVs=473
07:23:54.166 module: SocialGlobals BHAVs=101
07:23:54.169 module: CatGlobals BHAVs=179
07:23:54.170 module: DogGlobals BHAVs=177
07:23:54.171 module: PetSitGlobals BHAVs=22
07:23:54.171 module: PhoneGlobals BHAVs=149
07:23:54.172 module: VacationDirectorGlobals BHAVs=85
07:23:55.060 autotest: AUTOTEST neighborhood-screen ready; attempting houses
07:23:55.287 autotest: AUTOTEST uisurvey dump neighborhood 1024x768 -> /Users/nathannoom/Documents/Simitone/uisurvey-neighborhood.png
07:23:55.290 autotest: AUTOTEST LOT-TRY house=5 path='/Users/nathannoom/Documents/Simitone/UserData/Houses/House05.iff'
07:23:55.318 uioriginal: IFF-mount original shared\sys\CloseBox.bmp
[TS1StackRepair] object=10 guid=6b264238 invalid=4096:1@6b264238(len=missing),4113:0@6b264238(len=missing) recovery=reset
[TS1StackRepair] object=114 guid=91767a36 invalid=4096:3@91767a36(len=2) recovery=reset
[TS1StackRepair] object=115 guid=91767a36 invalid=4096:3@91767a36(len=2) recovery=reset
[TS1StackRepair] object=116 guid=91767a36 invalid=4096:3@91767a36(len=2) recovery=reset
[TS1StackRepair] object=117 guid=91767a36 invalid=4096:3@91767a36(len=2) recovery=reset
[TS1StackRepair] object=123 guid=28975923 invalid=4109:0@28975923(len=missing) recovery=reset
[TS1StackRepair] object=131 guid=df77ee12 invalid=4109:0@df77ee12(len=missing) recovery=reset
[TS1StackRepair] object=133 guid=d1cf9596 invalid=4096:0@d1cf9596(len=missing) recovery=reset
[TS1StackRepair] object=134 guid=fbe586b7 invalid=4096:2@fbe586b7(len=missing) recovery=reset
[TS1StackRepair] object=173 guid=d5ca2d74 invalid=4096:1@d5ca2d74(len=missing) recovery=reset
[TS1StackRepair] object=174 guid=24e26386 invalid=4096:1@24e26386(len=missing) recovery=reset
[TS1StackRepair] object=191 guid=c59350c6 invalid=4096:1@c59350c6(len=missing) recovery=reset
[TS1StackRepair] object=192 guid=23a15547 invalid=4096:1@23a15547(len=missing) recovery=reset
[TS1StackRepair] object=194 guid=fd746ad2 invalid=4109:0@fd746ad2(len=missing) recovery=reset
[TS1StackRepair] object=226 guid=7d2089b6 invalid=4096:0@7d2089b6(len=missing) recovery=reset
[TS1StackRepair] total=15
07:23:55.534 uioriginal: IFF-mount original cpanel\Backgrounds\UniversalBack.TGA
07:23:55.536 uioriginal: IFF-mount original cpanel\Backgrounds\LivePatch.bmp
07:23:55.536 uioriginal: IFF-mount original cpanel\Backgrounds\BuyPatch.bmp
07:23:55.536 uioriginal: IFF-mount original cpanel\Backgrounds\BuildPatch.bmp
07:23:55.537 uioriginal: IFF-mount original cpanel\Backgrounds\OptionsPatch.bmp
07:23:55.537 uioriginal: IFF-mount original cpanel\Backgrounds\CameraPatch.bmp
07:23:55.537 uioriginal: IFF-mount original cpanel\Buttons\people.bmp
07:23:55.537 uioriginal: IFF-mount original cpanel\Buttons\objects.bmp
07:23:55.538 uioriginal: IFF-mount original cpanel\Buttons\arch.bmp
07:23:55.538 uioriginal: IFF-mount original cpanel\Buttons\options.bmp
07:23:55.539 uioriginal: IFF-mount original cpanel\Buttons\camera.bmp
07:23:55.539 uioriginal: IFF-mount original cpanel\Buttons\zoomin.bmp
07:23:55.539 uioriginal: IFF-mount original cpanel\Buttons\zoomout.bmp
07:23:55.539 uioriginal: IFF-mount original cpanel\Buttons\rotleft.bmp
07:23:55.539 uioriginal: IFF-mount original cpanel\Buttons\rotright.bmp
07:23:55.539 uioriginal: IFF-mount original cpanel\Buttons\LevRoof.bmp
07:23:55.540 uioriginal: IFF-mount original cpanel\Buttons\nocut.bmp
07:23:55.540 uioriginal: IFF-mount original cpanel\Buttons\dynacut.bmp
07:23:55.540 uioriginal: IFF-mount original cpanel\Buttons\nowall.bmp
07:23:55.540 uioriginal: IFF-mount original cpanel\Buttons\Lev2.bmp
07:23:55.540 uioriginal: IFF-mount original cpanel\Buttons\Lev1.bmp
07:23:55.540 uioriginal: IFF-mount original cpanel\Buttons\pause.bmp
07:23:55.540 uioriginal: IFF-mount original cpanel\Buttons\Speed1.bmp
07:23:55.540 uioriginal: IFF-mount original cpanel\Buttons\Speed2.bmp
07:23:55.540 uioriginal: IFF-mount original cpanel\Buttons\Speed3.bmp
07:23:55.540 uioriginal: IFF-mount original cpanel\buttons\helpbutton.bmp
07:23:55.544 uioriginal: IFF-mount original cpanel\Backgrounds\PanelBack.bmp
07:23:55.544 panel-ctor: original toolbar backdrop mounted 804x100
07:23:55.544 uioriginal: IFF-mount original cpanel\Backgrounds\BackPatch.bmp
07:23:55.545 uioriginal: IFF-mount original cpanel\People\TrackingTarget.bmp
07:23:55.545 uioriginal: IFF-mount original cpanel\People\PeopleTemplate.bmp
07:23:55.545 uioriginal: IFF-mount original cpanel\Backgrounds\LiveGadget.bmp
07:23:55.551 uioriginal: IFF-mount original cpanel\Greenbars.BMP
07:23:55.551 uioriginal: IFF-mount original cpanel\Redbars.bmp
07:23:55.552 uioriginal: IFF-mount original cpanel\Buttons\Undo.bmp
07:23:55.552 uioriginal: IFF-mount original cpanel\Buttons\Redo.bmp
07:23:55.552 uioriginal: IFF-mount original cpanel\Buttons\toolBtnTerrain.bmp
07:23:55.552 uioriginal: IFF-mount original cpanel\Buttons\toolBtnWater.bmp
07:23:55.552 uioriginal: IFF-mount original cpanel\Buttons\toolBtnWall.bmp
07:23:55.552 uioriginal: IFF-mount original cpanel\Buttons\toolBtnWallpaper.bmp
07:23:55.553 uioriginal: IFF-mount original cpanel\Buttons\toolBtnStairs.bmp
07:23:55.553 uioriginal: IFF-mount original cpanel\Buttons\toolBtnFireplace.bmp
07:23:55.553 uioriginal: IFF-mount original cpanel\Buttons\toolBtnTree.bmp
07:23:55.553 uioriginal: IFF-mount original cpanel\Buttons\toolBtnFloor.bmp
07:23:55.553 uioriginal: IFF-mount original cpanel\Buttons\toolBtnDoor.bmp
07:23:55.553 uioriginal: IFF-mount original cpanel\Buttons\toolBtnWindow.bmp
07:23:55.553 uioriginal: IFF-mount original cpanel\Buttons\toolBtnRoof.bmp
07:23:55.553 uioriginal: IFF-mount original cpanel\Buttons\toolBtnHand.bmp
07:23:55.553 uioriginal: IFF-mount original cpanel\Build\roofsteep.bmp
07:23:55.554 uioriginal: IFF-mount original cpanel\Build\roofmedium.bmp
07:23:55.554 uioriginal: IFF-mount original cpanel\Build\roofshallow.bmp
07:23:55.554 uioriginal: IFF-mount original cpanel\Build\roofflat.bmp
07:23:55.554 uioriginal: IFF-mount original cpanel\Buttons\ScrollLeft.bmp
07:23:55.558 uioriginal: IFF-mount original cpanel\Buttons\ScrollRight.bmp
07:23:55.559 uioriginal: IFF-mount original cpanel\Catalog\ThumbTemplate1Frame.BMP
07:23:55.559 uioriginal: IFF-mount original cpanel\Catalog\ThumbTemplate.BMP
07:23:55.560 uioriginal: IFF-mount original cpanel\Build\RoofPatternTemplate.bmp
07:23:55.565 uioriginal: IFF-mount original cpanel\Backgrounds\BuildToothpkLeft.bmp
07:23:55.565 uioriginal: IFF-mount original cpanel\Backgrounds\BuildToothpkRight.bmp
07:23:55.566 uioriginal: IFF-mount original cpanel\Catalog\BuyRLiving.bmp
07:23:55.566 uioriginal: IFF-mount original cpanel\Catalog\BuyRDining.bmp
07:23:55.566 uioriginal: IFF-mount original cpanel\Catalog\BuyRBedroom.bmp
07:23:55.566 uioriginal: IFF-mount original cpanel\Catalog\BuyRStudy.bmp
07:23:55.567 uioriginal: IFF-mount original cpanel\Catalog\BuyRKitchen.bmp
07:23:55.567 uioriginal: IFF-mount original cpanel\Catalog\BuyRBathroom.bmp
07:23:55.567 uioriginal: IFF-mount original cpanel\Catalog\BuyROutside.bmp
07:23:55.567 uioriginal: IFF-mount original cpanel\Catalog\BuyRMisc.bmp
07:23:55.567 uioriginal: IFF-mount original cpanel\Catalog\BackButtons\BackRLiving.bmp
07:23:55.568 uioriginal: IFF-mount original cpanel\Buttons\CamFrameSmall.bmp
07:23:55.568 uioriginal: IFF-mount original cpanel\Buttons\CamFrameMed.bmp
07:23:55.568 uioriginal: IFF-mount original cpanel\Buttons\CamFrameLarge.bmp
07:23:55.568 uioriginal: IFF-mount original cpanel\Buttons\CamFrameCust.bmp
07:23:55.568 uioriginal: IFF-mount original cpanel\Buttons\CamViewAlbum.bmp
07:23:55.568 uioriginal: IFF-mount original cpanel\Buttons\CamQualLow.bmp
07:23:55.568 uioriginal: IFF-mount original cpanel\Buttons\CamQualMed.bmp
07:23:55.569 uioriginal: IFF-mount original cpanel\Buttons\CamQualHigh.bmp
07:23:55.569 uioriginal: IFF-mount original cpanel\Backgrounds\CameraToothpkLeft.bmp
07:23:55.569 uioriginal: IFF-mount original cpanel\Backgrounds\CameraToothpkRight.bmp
07:23:55.569 panel-ctor: desktop speed cluster is on the UCP plate (R142 engine anchors)
07:23:55.569 uioriginal: IFF-mount original cpanel\Buttons\Mood.bmp
07:23:55.570 uioriginal: IFF-mount original cpanel\Buttons\Relationship.BMP
07:23:55.570 uioriginal: IFF-mount original cpanel\Buttons\Job.bmp
07:23:55.570 uioriginal: IFF-mount original cpanel\Buttons\House.bmp
07:23:55.570 uioriginal: IFF-mount original cpanel\Buttons\Personality.bmp
07:23:55.570 uioriginal: IFF-mount original cpanel\Buttons\Interest.bmp
07:23:55.570 uioriginal: IFF-mount original cpanel\Buttons\Gift.bmp
07:23:55.570 uioriginal: IFF-mount original cpanel\Buttons\ScrollLeft.BMP
07:23:55.570 uioriginal: IFF-mount original cpanel\Buttons\ScrollRight.BMP
07:23:55.571 autotest: AUTOTEST LOT-ACTION house=5 inlot=True vm=True
07:23:55.573 autotest: AUTOTEST LOT-READY house=5 entities=303 avatars=3 loadErrors=0 speed=1 minute=30
07:23:55.573 autotest: AUTOTEST load: PASS
07:23:55.573 autotest: AUTOTEST lot: PASS
07:23:55.575 autotest: AUTOTEST savedthreads house=5 source=/Users/nathannoom/Documents/Simitone/UserData/Houses/House05.iff repaired=15 ids=[10,114,115,116,117,123,131,133,134,173,174,191,192,194,226] invalid-live=0 [] mains=[10=8284/root8284:0/q0,114=4096/root4096:0/q0,115=4096/root4096:0/q0,116=4096/root4096:0/q0,117=4096/root4096:0/q0,123=8197/root8197:0/q0,131=8197/root8197:0/q0,133=8194/root8194:0/q0,134=8194/root8194:0/q0,173=8208/root8208:0/q0,174=8208/root8208:0/q0,191=8208/root8208:0/q0,192=8208/root8208:0/q0,194=8197/root8197:0/q0,226=8194/root8194:0/q0] fixture=True (TS1 saved continuations are atomic; stale stacks reset before first tick)
07:23:55.575 autotest: AUTOTEST savedthreads: PASS
07:23:55.577 autotest: AUTOTEST simvis: global32=0 global9=5 speed=1 mailboxes=1 wallsMode=1 drawRoofs=False worldLevel=1 zoom=1.00
07:23:55.577 autotest: AUTOTEST simvis: av 16 "Cassandra" pos=(440,360,lvl1) room=1/outside worldUI=AvatarComponent dead=False hidden=False compVisible=True avatarObj=ok skeleton=ok
07:23:55.578 autotest: AUTOTEST simvis: av 18 "Bella" pos=(440,408,lvl1) room=1/outside worldUI=AvatarComponent dead=False hidden=False compVisible=True avatarObj=ok skeleton=ok
07:23:55.578 autotest: AUTOTEST simvis: av 65537 "Mortimer" pos=(424,392,lvl1) room=1/outside worldUI=AvatarComponent dead=False hidden=False compVisible=True avatarObj=ok skeleton=ok
07:23:55.578 autotest: AUTOTEST simvis: data Cassandra bones=0 nan=0 mesh[v404 nan0 oob0] (SkelBindings capacity 50)
07:23:55.578 autotest: AUTOTEST simvis: data Bella bones=0 nan=0 mesh[v367 nan0 oob0] (SkelBindings capacity 50)
07:23:55.578 autotest: AUTOTEST simvis: data Mortimer bones=0 nan=0 mesh[v428 nan0 oob0] (SkelBindings capacity 50)
07:23:55.579 autotest: AUTOTEST simvis: framing Cassandra screen=(513,306) INSIDE
07:23:55.579 autotest: AUTOTEST simvis: framing Bella screen=(321,402) INSIDE
07:23:55.579 autotest: AUTOTEST simvis: framing Mortimer screen=(321,338) INSIDE
UNSUPPORTED (log once): POSSIBLE ISSUE: unit 1 GLD_TEXTURE_INDEX_2D is unloadable and bound to sampler type (Float) - using zero texture because texture unloadable
07:23:55.599 autotest: AUTOTEST simvis: manual DrawAvatars framed coloredPx=21755 SoftwareDepth=False UseMRT=False
07:23:55.776 autotest: AUTOTEST simvis: framed pixel-diff with-vs-without avatars = 23177/2359296 (sims drawn)
07:23:55.778 autotest: AUTOTEST simvis: Blueprint.Avatars.Count=3 state.Level=1 useBackbuffer=True [lvl1 vis=True pos={X:27.5 Y:22.5 Z:1.125}] [lvl1 vis=True pos={X:27.5 Y:25.5 Z:1.125}] [lvl1 vis=True pos={X:26.5 Y:24.5 Z:1.125}]
07:23:55.778 autotest: AUTOTEST simvis: PASS
07:23:56.116 autotest: AUTOTEST censorpixel: totalDiff=5981px window=96x112 @(464,181) simScreen=(513,306) winDiff=5824 density=0.54 paletteFrac=0.80 medianRun=7 longestRun=70 (port law: 8x8 grid of the 12-color palette over a 35/50/70px rect; original law: per-cell mean + jitter, 1x3/2x6/4x12 ladder)
07:23:56.118 autotest: AUTOTEST censorpixel: coverage=True blocky=True palette=True
07:23:56.118 autotest: AUTOTEST censorpixel: PASS
07:23:56.120 autotest: AUTOTEST corpus global expected=251 actual=251
07:23:56.120 autotest: AUTOTEST corpus PersonGlobals expected=473 actual=473
07:23:56.120 autotest: AUTOTEST corpus SocialGlobals expected=101 actual=101
07:23:56.120 autotest: AUTOTEST corpus CatGlobals expected=179 actual=179
07:23:56.120 autotest: AUTOTEST corpus DogGlobals expected=177 actual=177
07:23:56.120 autotest: AUTOTEST corpus PetSitGlobals expected=22 actual=22
07:23:56.121 autotest: AUTOTEST corpus PhoneGlobals expected=149 actual=149
07:23:56.121 autotest: AUTOTEST corpus VacationDirectorGlobals expected=85 actual=85
07:23:56.121 autotest: AUTOTEST corpus: PASS
07:23:56.122 autotest: AUTOTEST glob-fix probes=2 named=2 vdg=2
07:23:56.122 autotest: AUTOTEST glob-fix: PASS
07:23:56.122 autotest: AUTOTEST famnames id=1 length=1 s0=Newbie
07:23:56.122 autotest: AUTOTEST famnames id=2 length=1 s0=Bachelor
07:23:56.122 autotest: AUTOTEST famnames id=3 length=1 s0=Roomies
07:23:56.122 autotest: AUTOTEST famnames id=4 length=1 s0=Pleasant
07:23:56.122 autotest: AUTOTEST famnames id=5 length=1 s0=Goth
07:23:56.122 autotest: AUTOTEST famnames id=6 NULL
07:23:56.122 autotest: AUTOTEST famnames id=7 NULL
07:23:56.122 autotest: AUTOTEST famnames: PASS
07:23:56.129 autotest: AUTOTEST callgraph ops=92124 global+private-unresolved=0 semi-global-opcodes=134 semi-unknown-module=48 samples=CCPhonePlugin.iff op=65535 | CCPhonePlugin.iff op=65535 | CCPhonePlugin.iff op=32767 | CCPhonePlugin.iff op=65535
07:23:56.129 autotest: AUTOTEST callgraph-notes: 48 semi-global ops have no resolvable module (e.g. NPCCatererPP with no GLOB) — verified 86/134
07:23:56.129 autotest: AUTOTEST callgraph: PASS
07:23:56.130 autotest: AUTOTEST chunk-reg posi=2 xxxx=0 nonEmpty=3
07:23:56.130 autotest: AUTOTEST chunk-reg: PASS
07:23:56.131 autotest: AUTOTEST relation pairs=22 vars=27 out-of-bounds=0 sample=19->31=0 | 31->19=0 | 32->34=50 | 32->33=50,0 | 33->34=100,1 | 33->32=85 | 34->33=100,1 | 34->32=75 | 35->36=20 | 35->37=20 | 35->43=20 | 36->35=20 | 36->37=20 | 36->43=20 | 37->35=20 | 37->36=20 | 37->43=55 | 
07:23:56.131 autotest: AUTOTEST relation: PASS
07:23:56.131 autotest: AUTOTEST relation-write roundtrip=True clamp+=True clamp-=True record=19->31
07:23:56.131 autotest: AUTOTEST rel-key storedPairs=6 foundByObjectID=0 missByObjectID=6 foundByResolvedNID=6 samples=32->33 stored=[50,0] objKey=18 (objectID!=33) | 32->34 stored=[50] objKey=21 (objectID!=34) | 33->32 stored=[85] objKey=16 (objectID!=32) | 33->34 stored=[100,1] objKey=21 (objectID!=34) | 34->32 stored=[75] objKey=16 (objectID!=32) | 34->33 stored=[100,1] objKey=18 (objectID!=33)
07:23:56.131 autotest: AUTOTEST rel-key: PASS
07:23:56.132 autotest: AUTOTEST rel-mode stored=6 mode1Found=6 mode2Found=6 mode3Found=6 rawObjectIDMiss=6 samples=
07:23:56.132 autotest: AUTOTEST rel-mode: PASS
07:23:56.132 autotest: AUTOTEST jobs NumJobs=20 resolved=1 unresolved=0 lines=obj=16 nid=32 jtype=-1 jlevel=4 jperf=0 track=(none/>0?) | obj=18 nid=33 jtype=0 jlevel=0 jperf=0 track=(none/>0?) | obj=21 nid=34 jtype=9 jlevel=0 jperf=0 track=Test Subject
07:23:56.132 autotest: AUTOTEST jobs: PASS
07:23:56.136 autotest: AUTOTEST persondata widths=[16:101,18:101,21:101] global488-pd80/81=True person8645-pd84=True live-rw[21,70,74,80,81,84,100]+pd98zero=True live-bhavs=True(488=RETURN_TRUE,8645=RETURN_TRUE) inherit-neighbor=True(nid=1,len=101,pd100=0) (short original OBJM/NBRS prefixes must zero-extend to PersonData[0..100])
07:23:56.136 autotest: AUTOTEST persondata: PASS
07:23:56.138 autotest: AUTOTEST travelinv PhoneGlobals-mode5-sites=True sequence=1->2 scratch=[2:10:2,2:11:2] replace-guid10/11=True (Count is latest Temp0 neighbor; consumers spawn GUID 10/11 then remove)
07:23:56.138 autotest: AUTOTEST travelinv: PASS
07:23:56.144 autotest: AUTOTEST career IFF-literal data path: matched=20 bad=0 incoherent=0 NumJobs=20 (all 20 tracks level-0 salary/hours/car/req[0..6] == raw IFF canon); IFF progression BHAVs live in CarPortal.iff At-Work/Get-paid/At-School/test-promotion/Chance-Cards
07:23:56.144 autotest: AUTOTEST career-iff control-flow closure: 41 private call targets all resolve inside engine-mounted CarPortal.iff (IFF-literal self-contained loop)
07:23:56.145 autotest: AUTOTEST career-iff work-censorship triggers IFF-literal: 'At Work' ins19/ins23 + 'At School' ins10/ins14 write MyPersonData[30] (original work-clothes censorship sites)
07:23:56.145 autotest: AUTOTEST career-iff 'test promotion' live-exec: avatar jobType=9 level=0 served levels=10 salary=155 gate-temp0-after=9 (ORIGINAL promotion gate ran on avatar thread)
07:23:56.147 autotest: AUTOTEST career-iff live-exec step=start motives delta completed 0ms served salary=155 (ORIGINAL career-loop step ran on avatar thread)
07:23:56.147 autotest: AUTOTEST career-iff live-exec step=get paid completed 0ms served salary=155 (ORIGINAL career-loop step ran on avatar thread)
07:23:56.148 autotest: AUTOTEST career-iff IFF-mount loop=[set car type,test promotion,start motives delta,Chance Cards 3,Chance Cards,process,Chance Cards 2,get paid,send to work,At Work,At School] jobdata-indices=[0,1,2,3,4,5,6,7,8,12,13,14,15,16,17,18,19,20,21] reach(loop code mounted + IFF-literal served)=3 reachBad=0
07:23:56.148 autotest: AUTOTEST career: PASS
07:23:56.150 autotest: AUTOTEST freewill 'process mood' live-exec: completed (ORIGINAL periodic personality/motive brain ran on avatar thread; engine served every scope it reads)
07:23:56.150 autotest: AUTOTEST freewill IFF-mount chain=[do idle and mood->do idle core ; do idle->do idle core ; brain process mood check hunger ; ids=8303,8301,8229,8275,8219] reach(original brain mounted + IFF-literal entry chain)=1 reachBad=0
07:23:56.150 autotest: AUTOTEST freewill: PASS
07:23:56.151 autotest: AUTOTEST freewillvar candidates=2 param0=[111,222] retained-distinct=True (production autonomous-score aggregation; live lot state untouched)
07:23:56.151 autotest: AUTOTEST freewillvar: PASS
07:23:56.153 autotest: AUTOTEST deathchain 'check motive failure'(8299) live-exec serve-proof: completed (ORIGINAL failure-decision chain ran on avatar thread at low motives)
07:23:56.153 autotest: AUTOTEST deathchain 'PC - Check Motive Failures'(8340) live-exec serve-proof: completed (ORIGINAL death-decision chain ran on avatar thread; engine served every scope it reads)
07:23:56.153 autotest: AUTOTEST deathchain ghost serve-proof 8305: completed (ORIGINAL ghost code ran on avatar thread)
07:23:56.155 autotest: AUTOTEST deathchain ghost serve-proof 8306: completed (ORIGINAL ghost code ran on avatar thread)
07:23:56.156 autotest: AUTOTEST deathchain ghost serve-proof 8641: completed (ORIGINAL ghost code ran on avatar thread)
07:23:56.157 autotest: AUTOTEST deathchain IFF-literal=20/20 drift=0 bad= live-reach(soak)= natural-death-reach(soak+collapse)= (Personglobals death-chain ids seen in live frames); closure: targets=47 unresolved= wiring=[8283.ins4=8327 ins5=8299 ok; 8327.ins1=8305 ok; 8342.ins9=8340 ok] entry=[8342-IFF-callers=0 8340-IFF-callers=1 8342.ins9->8340 ok] dispatch=[8193(person main) ins4=8283 ins10=8305 ins38=8641 ok; IFF-callers 8193=0 8641=1 ok] person-type=[8305.ins21 PersonType-write ok] shipped-save-death=[total-IsGhost=10 shipped-8-present=8 ids:9genie2 19user00023 20user00022 26user00021 27user00020 28user00017 29user00015 30user00014 31user00013 268campfireghost] serve-proof(8340)=completed on avatar obj=16 serve-proof(8299)=completed on avatar obj=16 ghost(8306/8641)=n/a 8305=completed(obj=16) 8306=completed(obj=16) 8641=completed(obj=16)
07:23:56.157 autotest: AUTOTEST deathchain: PASS
07:23:56.158 autotest: AUTOTEST savesim shipped-save career(JobLvl>0)=7/7 ids:19user00023 25papercarrierf1 29user00015 32user00011 35user00008 36user00007 43user00005 | user00000 cooking=300 mech=200 ok | rel=dirRows=22 ok (IFF-factual NBRS.cs mount; motives runtime-only)
07:23:56.158 autotest: AUTOTEST savesim: PASS
07:23:56.158 autotest: AUTOTEST personality iff-gates=1 desc= 2vs600@t20
07:23:56.159 autotest: AUTOTEST personality playable pd2..7 = 400,500,0,700,200,700 | 700,500,0,300,300,700 | 400,400,0,700,600,400
07:23:56.159 autotest: AUTOTEST personality IFF-literal index map + engine personality->decay coupling + IFF-reach pd2-vs-600 node: verified=4/4 notes=
07:23:56.159 autotest: AUTOTEST personality: PASS
07:23:56.161 autotest: AUTOTEST motiveinit IFF-literal 'init motives'(8325) motive-set=5,6,7,8,9,14,15 bcon8195=50,1,1,1,50,1,15,20,99,99,99,99,50,99,20 verified=2/2 notes=
07:23:56.161 autotest: AUTOTEST motiveinit: PASS
07:23:56.162 autotest: AUTOTEST skills IFF-literal skill-gain sites: verified=4/4 notes=
07:23:56.162 autotest: AUTOTEST skills: PASS
07:23:56.162 autotest: AUTOTEST motiveact IFF-literal activity->need sites: verified=4/4 notes=
07:23:56.163 autotest: AUTOTEST motiveact: PASS
07:23:56.164 autotest: AUTOTEST relact IFF-literal relationship-write sites: verified=3/3 notes=
07:23:56.164 autotest: AUTOTEST relact: PASS
07:23:56.164 autotest: AUTOTEST money IFF-literal money/fame write sites: verified=4/4 notes=
07:23:56.164 autotest: AUTOTEST money: PASS
07:23:56.164 autotest: AUTOTEST ttab IFF-literal pie-dispatch sites: verified=3/3 notes=
07:23:56.165 autotest: AUTOTEST ttab: PASS
07:23:56.165 autotest: AUTOTEST ttas IFF-literal pie-label sites: verified=3/3 notes=
07:23:56.165 autotest: AUTOTEST ttas: PASS
07:23:56.167 autotest: AUTOTEST opcodes whole-brain fingerprint: total=6124 op2=3562 op8=73 op3=3 op13=304 op44=375 op42=159 op28=176 op26=80 op31=73 op41=63 ok=True
07:23:56.167 autotest: AUTOTEST opcodes: PASS
07:23:56.167 autotest: AUTOTEST genericcall12 math=True live=True liveInfo=[obj=6 tile=41,1 rotation=TopLeft expected=-42 got=-42 exit=GOTO_TRUE] values=[11,23/r0=-34 11,23/r1=-51 11,23/r2=-92 11,23/r3=-75 0,0/r0=0 0,0/r1=-63 0,0/r2=-126 0,0/r3=-63 63,63/r0=-126 63,63/r1=-63 63,63/r2=0 63,63/r3=-63 0,63/r0=-63 0,63/r1=0 0,63/r2=-63 0,63/r3=-126 63,0/r0=-63 63,0/r1=-126 63,0/r2=-63 63,0/r3=0]
07:23:56.167 autotest: AUTOTEST genericcall12: PASS
07:23:56.169 autotest: AUTOTEST genericcall13 iff=True dispatch=True remaining=[3] temp0=12345 exit=GOTO_TRUE
07:23:56.169 autotest: AUTOTEST genericcall13: PASS
07:23:56.170 autotest: AUTOTEST genericcall14 iff=True registered=True decoded=True dispatch=True values=[-32768->-32768/GOTO_TRUE/True -32767->-32767/GOTO_TRUE/True -1->-1/GOTO_TRUE/True 0->0/GOTO_TRUE/True 1->1/GOTO_TRUE/True 2->2/GOTO_TRUE/True 30->30/GOTO_TRUE/True 32767->32767/GOTO_TRUE/True] (global31 assignment; Stack Object ignored)
07:23:56.170 autotest: AUTOTEST genericcall14: PASS
07:23:56.173 autotest: AUTOTEST callgraph object-surface histogram: mounted=20/20 total=7767 op2=4035 op44=475 op23=433 op32=157 op31=152 op8=88 op48=81 op29=77 op13=21 ok=True
07:23:56.174 autotest: AUTOTEST callgraph: PASS
07:23:56.176 autotest: AUTOTEST globalcalls global-dispatch surface: mounted=20/20 total=1053 distinct=98 resolved=98 named=98 unresolved=0 checksum=338605 top=[Wait For Notify(281)x149,idle(280)x75,Is either person a child?(365)x73] ok=True
07:23:56.176 autotest: AUTOTEST globalcalls: PASS
07:23:56.223 autotest: AUTOTEST catalog IFF-literal: fixture-verified=20/20 notes= served=1114 eligible=1114 served-match=1114 served-missing=0 partB=True sort-match=1114 sort-missing=0 partC=True sortNotes= name-match=1114 name-missing=0 partD=True nameNotes= bhav-match=1114 partE=True bhavNotes= def-count=1114 partG=True defNotes= order-match=1114 partH=True orderNotes= srvNotes=
07:23:56.223 autotest: AUTOTEST catalog: PASS
07:23:56.224 autotest: AUTOTEST censor live-flags nonzero=0/3
07:23:56.442 autotest: AUTOTEST censor RENDER pair saved: off=/Users/nathannoom/Documents/Simitone/r36-censor-off.png on=/Users/nathannoom/Documents/Simitone/r36-censor-on.png (pixel diff = censored-mosaic pixels)
07:23:56.444 autotest: AUTOTEST censor force-set roundtrip=True renderer=CensorshipFlags=0 render-pair=on+off
07:23:56.444 autotest: AUTOTEST censor: PASS
07:23:56.445 autotest: AUTOTEST censor-iff censor writes-var30=
07:23:56.445 autotest: AUTOTEST censor-iff dress naked writes-var30=128,0,3,1
07:23:56.445 autotest: AUTOTEST censor-iff dress normal writes-var30=128,0,0
07:23:56.445 autotest: AUTOTEST censor-iff dress for bed writes-var30=128,3,3,0
07:23:56.445 autotest: AUTOTEST censor-iff dress swimsuit writes-var30=128,3,3,0
07:23:56.446 autotest: AUTOTEST censor-iff trigger-values=0,1,3,128 bhavs=censor,dress for bed,dress naked,dress normal,dress swimsuit ok=True
07:23:56.448 autotest: AUTOTEST censor-live-exec dress naked=0->3 dress normal=3->0 RendererFlags=0 (ORIGINAL Global.iff dressing BHAVs executed through live avatar thread)
07:23:56.449 autotest: AUTOTEST orig-bhavs avatar-resource=User00011.iff
07:23:56.449 autotest: AUTOTEST orig-bhavs init-motives needs-before=0,0,0,0,0,0,0 after=99,99,99,68,100,31,99 (ORIGINAL IFF spawn-init BHAV ran, tuning+random boost in-process)
07:23:56.449 autotest: AUTOTEST orig-bhavs init-NPC canon needs[h,c,hg,b,e,f,s]=0,0,0,0,0,0,0 -> 99,99,99,60,100,24,99 (ORIGINAL full new-sim init chain live-exec; IFF BCON 8195 canon; engine starts at 100)
07:23:56.449 autotest: AUTOTEST orig-bhavs init-NPC canon pd[2,3,4,5,6,7,9,10,11,12,15,17,18,29,32,33,36,56,57,63] before=400,500,0,700,200,700,0,0,0,0,0,0,0,0,0,0,50,-1,4,0 -> after=1000,1000,1000,1000,1000,1000,0,0,0,0,0,0,0,1,2,25,50,-1,4,0 (IFF 8298/8192 write-set; engine MakePersonData=500/no-job/no-autonomy)
07:23:56.449 autotest: AUTOTEST orig-bhavs do-idle-and-mood present (cid=8303, semi=True, scheduler-oriented, not sync-drivable)
07:23:56.451 autotest: AUTOTEST npcinfo pd[2..7]=0,0,0,0,0,0 pd[33](Priority)=25 pd[36](Autonomy)=50 pd[56](JobType)=-1 pd[57](JobLevel)=4 pd[63](JobPerf)=0 pd[29](Cheats)=1 pd[32](PersonType)=2 skills[9..12,15,17,18]={243,311,298,3,606,649,519} (IFF 8298/8192 canon 25/50/-1,4,0 + 1,2 + skills [0,1000); InheritNeighbor ships record PersonData to runtime avatar)
07:23:56.451 autotest: AUTOTEST npcinfo: PASS
07:23:56.451 autotest: AUTOTEST names obj=16 nid=32 gender=1 name=Cassandra multiname=Cassandra tostring=Cassandra pet=False
07:23:56.451 autotest: AUTOTEST names obj=18 nid=33 gender=1 name=Bella multiname=Bella tostring=Bella pet=False
07:23:56.451 autotest: AUTOTEST names obj=21 nid=34 gender=0 name=Mortimer multiname=Mortimer tostring=Mortimer pet=False
07:23:56.451 autotest: AUTOTEST names: PASS
07:23:56.452 autotest: AUTOTEST chunks IFF-literal inventory types=28/28 eng=BCON=3663,BHAV=27852,BMP_=6174,CARR=21,CATS=1,CTSS=1895,DGRP=20522,FCNS=6,FWAV=15921,glob=2,GLOB=476,OBJD=5120,OBJf=3906,PALT=5238,pers=2,POSI=41,rsmp=1200,SLOT=1472,SPR#=758,SPR2=17140,STR#=5430,TMPL=4,TPRP=206,TRCN=9,TREE=213,TTAB=1804,TTAs=1568,XXXX=135 canon=BCON=3663,BHAV=27852,BMP_=6174,CARR=21,CATS=1,CTSS=1895,DGRP=20522,FCNS=6,FWAV=15921,GLOB=476,OBJD=5120,OBJf=3906,PALT=5238,POSI=41,SLOT=1472,SPR#=758,SPR2=17140,STR#=5430,TMPL=4,TPRP=206,TRCN=9,TREE=213,TTAB=1804,TTAs=1568,XXXX=135,glob=2,pers=2,rsmp=1200
07:23:56.452 autotest: chunks FAILEDCOUNT 0
07:23:56.452 autotest: AUTOTEST chunks: PASS
07:23:56.452 autotest: AUTOTEST operand IFF-literal bytes=3108024 (256-bucket)
07:23:56.452 autotest: AUTOTEST operand: PASS
07:23:56.458 autotest: AUTOTEST opmx IFF-literal opcodes=713 pairs=4571 bytes=3108024
07:23:56.458 autotest: AUTOTEST opmx: PASS
07:23:56.458 autotest: AUTOTEST slot IFF-literal SLOT=1472/1472 entries=6969/6969 SPR#=758/758 frames=3120/3120 SPR2=17140/17140 frames=138948/138948
07:23:56.458 autotest: AUTOTEST slot: PASS
07:23:56.458 autotest: AUTOTEST dgrp IFF-literal DGRP refs=514716/514716 chunks=20522/20522 PALT entries=1340928/1340928 chunks=5238/5238
07:23:56.459 autotest: AUTOTEST dgrp: PASS
07:23:56.459 autotest: AUTOTEST bhop IFF-literal opcodes: distinct=713/713
07:23:56.459 autotest: AUTOTEST bhop: PASS
07:23:56.459 autotest: AUTOTEST bhvi IFF-literal BHAV instructions: 388503/388503
07:23:56.459 autotest: AUTOTEST bhvi: PASS
07:23:56.460 autotest: AUTOTEST consts IFF-literal constants: BCON=3663/3663 29952/29952 TPRP=206/206 434/434 GLOB=478/478
07:23:56.460 autotest: AUTOTEST consts: PASS
07:23:56.461 autotest: AUTOTEST strs IFF-literal STR-family: STR#=5430/5430 155482/155482 TTAs=1568/1568 11286/11286
07:23:56.461 autotest: AUTOTEST strs: PASS
07:23:56.462 autotest: AUTOTEST ctss IFF-literal STR corpus: blocks=3769/3769 chunks=1895/1895
07:23:56.462 autotest: AUTOTEST ctss: PASS
07:23:56.462 autotest: AUTOTEST objd IFF-literal OBJD corpus: mounted=5120 canon=5120
07:23:56.462 autotest: AUTOTEST objd: PASS
07:23:56.462 autotest: AUTOTEST iff IFF-literal resource census: ok=True 
07:23:56.462 autotest: AUTOTEST iff: PASS
07:23:56.465 autotest: AUTOTEST snd xa-mounted=17438 first=Beach\gulls1.XA
07:23:56.465 autotest: AUTOTEST snd IFF-literal corpus: ok=True 
07:23:56.465 autotest: AUTOTEST snd: PASS
07:23:56.466 autotest: AUTOTEST audio hitvm=ok disableSound=False events=4479 lot_enter=False soundEntities=3 sample=[3,acta_fight_confa,acta_fight_confb,acta_fight_confc,acta_fight_furya,acta_fight_furyb,acta_fight_furyc,acta_fight_pasa,acta_fight_pasb,acta_fight_pasc]
07:23:56.466 autotest: AUTOTEST audio PlaySoundEvent(stereo_zydeco)=HITTVOn: dead=False
07:23:56.466 autotest: AUTOTEST audio: PASS
07:23:56.467 autotest: AUTOTEST uichrome IFF-literal live-toolbar chrome mount: ok=True 
07:23:56.467 autotest: AUTOTEST uichrome: PASS
07:23:56.468 autotest: AUTOTEST uitoolbar IFF-literal live-toolbar chrome mount: ok=True 
07:23:56.469 autotest: AUTOTEST uitoolbar: PASS
07:23:56.469 autotest: AUTOTEST uicur IFF-literal cursor mount: ok=True livePersonMounted=True mountedLen=326 
07:23:56.469 autotest: AUTOTEST uicur: PASS
07:23:56.484 autotest: AUTOTEST uiglyph IFF-literal glyph-table mount + ORIGINAL TEXT RENDER (title + caption + bold money + small toolbar + dialog tables): ok=True render=True fontsParsed=10 textsMounted=15 hoverCaptions=0 moneyUpdates=1 toolbarReadouts=1 cheatMessages=0 dialogTitles=0  
07:23:56.494 autotest: AUTOTEST uiglyph runtime-normalization=True runtime-font samples=30/30 alpha-and-offsets-exact pre-init-lookup=True
07:23:56.494 autotest: AUTOTEST uiglyph: PASS
07:23:56.513 autotest: AUTOTEST uiboot IFF-literal kSimsLogo boot screen: ok=True mounted=True dims=800x600 simitoneChromeHidden=True engineBar=True barFill=1 directFrameOne=True (len=1440056 sha=8ecf950019fb86bed4be7d02e1e72ff2217e8ea1d5b44da6c6a0deec2d934ae6) 
07:23:56.513 autotest: AUTOTEST uiboot: PASS
07:23:56.514 autotest: AUTOTEST uisplash IFF-literal splashprogress corpus + ORIGINAL text mount: canon=True found=True chunkID=155 entries=340 english=17 chunkSha=39fdf8af203d mounted=True liveEqualsDisk=True font=True
07:23:56.514 autotest: AUTOTEST uisplash: PASS
07:23:56.516 uioriginal: IFF-mount original shared\dlg\GenDlg.bmp
07:23:56.516 uioriginal: IFF-mount original shared\sys\WinBtn.bmp
07:23:56.519 autotest: AUTOTEST uidialog IFF-literal ObjDialogs + picture-dialog twins: canon=True label=ObjDialogs entries=90 chunkSha=fa35753e3a5a titleTwinned=True bodyTwinned=True bodyLines=6 captions=OK/Cancel captionsCanon=True glyphPathArmed=True pictureKind=True titleCanon=True bodyCanon=True
07:23:56.520 autotest: AUTOTEST uidialog: PASS
07:23:56.530 autotest: AUTOTEST uilotq native desktop lot dispatch: canon=True m132=MoveInModeStrs/480 r133=RegularModeStrs/68 r134=NghRollover/780 direct=True selected=76 touchFallback=True touchMoveInFallback=True moveInNative=True moveInSelected=76 cardCleanups=2 moveInLaw=True emptyPolicy=True popupArt=True popupGeom=True popupRamp=True
07:23:56.530 autotest: AUTOTEST uilotq: PASS
07:23:56.531 autotest: AUTOTEST uilogo IFF-literal logo-stamp mount: ok=True 
07:23:56.531 autotest: AUTOTEST uilogo: PASS
07:23:56.539 autotest: AUTOTEST uianim IFF-literal animation-frame mount: ok=True bmpRows=4911 tgaRows=16 
07:23:56.539 autotest: AUTOTEST uianim: PASS
07:23:56.595 autotest: AUTOTEST uinbhd IFF-literal neighborhood screens + LIVE cycling + ENGINE-derived positions + ENGINE car lanes + ENGINE clouds/balloon + ENGINE nessie cheat: pinned=True families=5/5 cyc=True lotRanges=True layerPhases=True ulCadence=True lanes=True cars=54/54 clouds=True wrapped=21/21 balloon=True nessie=True fsWater=True  flowLanes=12 flowClouds=2 flowBalloons=2 flowNessie=2 flowLayers=12 flowAdvances=40         
07:23:56.596 autotest: AUTOTEST uinbhd: PASS
07:23:56.706 autotest: AUTOTEST uidump screen=TS1GameScreen size=1024x768 nonBg=786250 bbox=0,0..1023,767 top=#707070,#101050,#101030,#707090 -> /Users/nathannoom/Documents/Simitone/uidump-lot.png
07:23:56.706 autotest: AUTOTEST uiback panel=True backdrop=True size=804x100 vis=True band=226,668..488,724 steelIFF=0 navyteal=0 pin=PASS
07:23:56.706 autotest: AUTOTEST uidump-tree TS1GameScreen pos=0,0 size=0x0 vis=True
07:23:56.706 autotest: AUTOTEST uidump-tree   UILotControl pos=0,0 size=0x0 vis=True
07:23:56.707 autotest: AUTOTEST uidump-tree     UIInteractionQueue pos=0,0 size=0x0 vis=True
07:23:56.707 autotest: AUTOTEST uidump-tree     UILotControlTouchHelper pos=0,0 size=0x0 vis=True
07:23:56.707 autotest: AUTOTEST uidump-tree     UIArchTouchHelper pos=0,0 size=0x0 vis=True
07:23:56.707 autotest: AUTOTEST uidump-tree       UITwoStateButton pos=25,25 size=75x75 vis=True
07:23:56.707 autotest: AUTOTEST uidump-tree       UITwoStateButton pos=25,513 size=75x75 vis=True
07:23:56.707 autotest: AUTOTEST uidump-tree       UITwoStateButton pos=924,513 size=75x75 vis=True
07:23:56.707 autotest: AUTOTEST uidump-tree       UITwoStateButton pos=25,513 size=75x75 vis=True
07:23:56.707 autotest: AUTOTEST uidump-tree       UITwoStateButton pos=924,513 size=75x75 vis=True
07:23:56.708 autotest: AUTOTEST uidump-tree   UIOriginalCameraOverlay pos=0,0 size=1024x768 vis=False
07:23:56.708 autotest: AUTOTEST uidump-tree   UISimitoneBg pos=512,384 size=0x0 vis=False
07:23:56.708 autotest: AUTOTEST uidump-tree   UIContainer pos=0,0 size=0x0 vis=True
07:23:56.708 autotest: AUTOTEST uidump-tree   UIOriginalPictureInPicture pos=0,0 size=100x100 vis=False
07:23:56.708 autotest: AUTOTEST uidump-tree     UIOriginalPIPCaption pos=0,0 size=0x0 vis=True
07:23:56.708 autotest: AUTOTEST uidump-tree     UIButton pos=0,0 size=12x11 vis=True
07:23:56.708 autotest: AUTOTEST uidump-tree   UISimitoneFrontend pos=0,0 size=0x0 vis=True
07:23:56.708 autotest: AUTOTEST uidump-tree     UICheatTextbox pos=20,20 size=0x0 vis=False
07:23:56.708 autotest: AUTOTEST uidump-tree       UITextBox pos=0,0 size=200x21 vis=False
07:23:56.708 autotest: AUTOTEST uidump-tree       UIContainer pos=0,24 size=0x0 vis=False
07:23:56.709 autotest: AUTOTEST uidump-tree     UIMainPanel pos=220,668 size=0x0 vis=True
07:23:56.709 autotest: AUTOTEST uidump-tree       UIImage pos=0,0 size=804x100 vis=True
07:23:56.709 autotest: AUTOTEST uidump-tree       UIImage pos=-52,0 size=52x100 vis=True
07:23:56.709 autotest: AUTOTEST uidump-tree       UIOriginalPeopleChrome pos=0,0 size=0x0 vis=True
07:23:56.709 autotest: AUTOTEST uidump-tree       UIOriginalArchChrome pos=0,0 size=0x0 vis=False
07:23:56.709 autotest: AUTOTEST uidump-tree       UIOriginalBuyChrome pos=0,0 size=0x0 vis=False
07:23:56.709 autotest: AUTOTEST uidump-tree       UIOriginalCameraPanel pos=0,0 size=0x0 vis=False
07:23:56.709 autotest: AUTOTEST uidump-tree       UICategorySwitcher pos=148,0 size=0x0 vis=True
07:23:56.709 autotest: AUTOTEST uidump-tree       UIStencilButton pos=236,15 size=36x49 vis=False
07:23:56.709 autotest: AUTOTEST uidump-tree       UIStencilButton pos=236,66 size=36x49 vis=False
07:23:56.709 autotest: AUTOTEST uidump-tree       UIQueryPanel pos=78,-5 size=559x45 vis=True op=0.00
07:23:56.710 autotest: AUTOTEST uidump-tree       UIPickupPanel pos=0,0 size=0x0 vis=True op=0.00
07:23:56.710 autotest: AUTOTEST uidump-tree       UIMotiveSubpanel pos=300,0 size=280x100 vis=True
07:23:56.710 autotest: AUTOTEST uidump-tree     UIDesktopUCP pos=0,585 size=220x183 vis=True
07:23:56.710 autotest: AUTOTEST uidump-tree       UIContainer pos=0,0 size=0x0 vis=True
07:23:56.710 autotest: AUTOTEST uidump-tree       UIImage pos=0,0 size=220x183 vis=True
07:23:56.710 autotest: AUTOTEST uidump-tree       UIImage pos=7,30 size=213x153 vis=False
07:23:56.710 autotest: AUTOTEST uidump-tree       UIImage pos=64,35 size=156x148 vis=False
07:23:56.710 autotest: AUTOTEST uidump-tree       UIImage pos=113,51 size=107x132 vis=False
07:23:56.710 autotest: AUTOTEST uidump-tree       UIImage pos=183,83 size=37x100 vis=False
07:23:56.711 autotest: AUTOTEST uidump-tree       UIImage pos=165,83 size=55x100 vis=False
07:23:56.711 autotest: AUTOTEST uidump-tree       UIButton pos=10,6 size=50x50 vis=True
07:23:56.711 autotest: AUTOTEST uidump-tree       UIButton pos=69,20 size=45x47 vis=True
07:23:56.711 autotest: AUTOTEST uidump-tree       UIButton pos=117,45 size=39x39 vis=True
07:23:56.711 autotest: AUTOTEST uidump-tree       UIButton pos=193,125 size=23x23 vis=True
07:23:56.711 autotest: AUTOTEST uidump-tree       UIButton pos=175,95 size=29x29 vis=True
07:23:56.713 autotest: AUTOTEST uidump-tree       UIOriginalNavbarButton pos=26,105 size=27x27 vis=True
07:23:56.713 autotest: AUTOTEST uidump-tree       UIOriginalNavbarButton pos=26,149 size=27x27 vis=True
07:23:56.713 autotest: AUTOTEST uidump-tree       UIOriginalNavbarButton pos=9,127 size=27x27 vis=True
07:23:56.713 autotest: AUTOTEST uidump-tree       UIOriginalNavbarButton pos=43,127 size=27x27 vis=True
07:23:56.713 autotest: AUTOTEST uidump-tree       UIOriginalNavbarButton pos=32,78 size=22x19 vis=True
07:23:56.713 autotest: AUTOTEST uidump-tree       UIOriginalNavbarButton pos=56,80 size=21x21 vis=True
07:23:56.713 autotest: AUTOTEST uidump-tree       UIOriginalNavbarButton pos=80,85 size=21x21 vis=True
07:23:56.713 autotest: AUTOTEST uidump-tree       UIOriginalNavbarButton pos=103,95 size=22x15 vis=True
07:23:56.714 autotest: AUTOTEST uidump-tree       UIOriginalNavbarButton pos=5,92 size=22x15 vis=True
07:23:56.714 autotest: AUTOTEST uidump-tree       UIOriginalNavbarButton pos=5,77 size=21x11 vis=True
07:23:56.714 autotest: AUTOTEST uidump-tree       UIOriginalNavbarButton pos=85,135 size=15x15 vis=True
07:23:56.714 autotest: AUTOTEST uidump-tree       UIOriginalNavbarButton pos=105,135 size=11x15 vis=True
07:23:56.714 autotest: AUTOTEST uidump-tree       UIOriginalNavbarButton pos=120,135 size=20x15 vis=True
07:23:56.714 autotest: AUTOTEST uidump-tree       UIOriginalNavbarButton pos=141,135 size=32x15 vis=True
07:23:56.714 autotest: AUTOTEST uichrome tree: btn=True (128x39) bar=True (27x25)
07:23:56.714 autotest: AUTOTEST uidump: PASS
07:23:56.714 autotest: AUTOTEST uitoolbar tree: live=True (200x50) gauge=True (108x100)
07:23:56.715 autotest: AUTOTEST uimpanel desktop bottom-bar composition: ok=True ucp=0,585 220x183 panel=220,668 ucpRight=220 screen=1024x768 viewport=1024x768 dpi=1
07:23:56.715 autotest: AUTOTEST uimpanel: PASS
07:23:56.735 uioriginal: IFF-mount original cpanel\Backgrounds\PersBkg.bmp
07:23:56.735 uioriginal: IFF-mount original cpanel\HouseSubBars.bmp
07:23:56.770 uioriginal: IFF-mount original cpanel\Backgrounds\JobSubBarsOff.bmp
07:23:56.770 uioriginal: IFF-mount original cpanel\JobSubBars.bmp
07:23:56.771 uioriginal: IFF-mount original cpanel\Buttons\JobIconMultiButton.BMP
07:23:56.771 uioriginal: IFF-mount original cpanel\Buttons\SalaryButton.bmp
07:23:56.771 uioriginal: IFF-mount original cpanel\Buttons\PerformanceButton.bmp
07:23:56.771 uioriginal: IFF-mount original cpanel\Buttons\JobFriendSmiley.bmp
07:23:56.775 uioriginal: IFF-mount original cpanel\Buttons\RelFamilySort.bmp
07:23:56.775 uioriginal: IFF-mount original cpanel\Buttons\RelFriendSort.bmp
07:23:56.776 uioriginal: IFF-mount original cpanel\Buttons\RelStarSort.bmp
07:23:56.776 uioriginal: IFF-mount original cpanel\Buttons\RelAllSort.bmp
07:23:56.778 uioriginal: IFF-mount original cpanel\People\UnknownRel.bmp
07:23:56.778 uioriginal: IFF-mount original cpanel\Buttons\smiley.bmp
07:23:56.778 uioriginal: IFF-mount original cpanel\Buttons\heart.bmp
07:23:56.778 uioriginal: IFF-mount original cpanel\Buttons\heartdeep.bmp
07:23:56.781 uioriginal: IFF-mount original cpanel\Backgrounds\HouseSubBarsOff.BMP
07:23:56.784 uioriginal: IFF-mount original cpanel\Buttons\InventoryGiftSort.bmp
07:23:56.784 uioriginal: IFF-mount original cpanel\Buttons\InventoryMagicSort.bmp
07:23:56.785 uioriginal: IFF-mount original cpanel\Buttons\InventoryOtherSort.bmp
07:23:56.786 uioriginal: IFF-mount original cpanel\Catalog\BuyFSeating.BMP
07:23:56.786 uioriginal: IFF-mount original cpanel\Catalog\BuyFSurfaces.bmp
07:23:56.787 uioriginal: IFF-mount original cpanel\Catalog\BuyFDecorative.bmp
07:23:56.787 uioriginal: IFF-mount original cpanel\Catalog\BuyFElectronics.bmp
07:23:56.787 uioriginal: IFF-mount original cpanel\Catalog\BuyFAppliances.bmp
07:23:56.787 uioriginal: IFF-mount original cpanel\Catalog\BuyFPlumbing.bmp
07:23:56.787 uioriginal: IFF-mount original cpanel\Catalog\BuyFLighting.bmp
07:23:56.787 uioriginal: IFF-mount original cpanel\Catalog\BuyFMisc.bmp
07:23:56.821 uioriginal: IFF-mount original cpanel\Buttons\ScrollLeftBuy.bmp
07:23:56.847 autotest: AUTOTEST uilive IFF-literal Live.iff Motives+Personality + subpanel twins: motiveCanon=True (Motives/289) traitCanon=True (Personality/714) petTables=True (Pet Motives/340,Pet Personality/840) modeTips=True (ModeTips/170) zodiacStrings=True (DesignCharStrs/504,signs/252) motiveTwinned=True motiveTextCanon=True traitTwinned=True traitTextCanon=True motiveGeom=True motivePaint=True motiveDelta=True motivePopup=True personalityGeom=True personalityArt=True humanCorpus=True childLaw=True petCorpus=True zodiac=True zodiacParts=True/True/True/True/True/True stateRestored=True desktopAtomic=True old=UIMotiveSubpanel/px0 new=UIJobSubpanel/a1 visible=1 peopleRouting=True order=0,3,1,5,2,6,7 matrix=True liveRefresh=True houseZoningLaw=True houseZoningRejected=True tabTips=True moodBand=True tabState=True interest=True gift=True inventoryRejected=True noPersonRejected=True sameMode=True steady=True reveal=True cross=True back=True
07:23:56.848 autotest: AUTOTEST uilive: PASS
07:23:56.856 uioriginal: IFF-mount original cpanel\Backgrounds\FameSubBarsOff.bmp
07:23:56.856 uioriginal: IFF-mount original cpanel\FameSubBars.bmp
07:23:56.856 uioriginal: IFF-mount original cpanel\Buttons\FameFriendSmiley.bmp
07:23:56.864 uioriginal: IFF-mount original cpanel\Backgrounds\JobIconMultiPopup.bmp
07:23:56.883 autotest: AUTOTEST uijob IFF-literal JobSubpanelLabels+PopupText + twins: labelCanon=True (JobSubpanelLabels/187) popupCanon=True (JobSubpanelPopupText/544) popupLaw=True twinned=True textCanon=True desktopGeometry=True host=504x100 modernLabels=0 parts=True/True/True/True/True summary=True/True/True/True perf=20,66,40x11,vTrue,tvFalse noJobTitle=True fontLaw=True jobCaption=True noClip=True router=True pet=True fame=True routerLaw=True petSurface=True fameSurface=True adultPopup=True hit=True guid=True skill=True/True/True summary=True/True/True/True/True/True unemployed=True/True/True modeClose=True gradeCanon=True font18=True reportSurface=True reportPopup=True adultRestored=True text=B geo=0,33,504x34 hidden=True/paintTrue popup=True restore=True valuesWired=True floaterTwinned=True
07:23:56.883 autotest: AUTOTEST uijob: PASS
07:23:56.985 uioriginal: IFF-mount original cpanel\Buttons\IconFrame.bmp
Failed to get Object ID: 0 (no resource)
Failed to get Object ID: 0 (no resource)
07:23:57.043 autotest: AUTOTEST uivis custom Draw Visible contract: bigButton=2213/0/True gradient=800/0/True valueBar=1144/0/True moodGauge=4861/0/True queueIcon=2001/0/True inventoryCell=2408/0/True relationshipCell=1784/0/True catalogCell=2203/0/True familiesPanel=82642/0/True mainPanel=105802/0/True
07:23:57.044 autotest: AUTOTEST uivis: PASS
07:23:57.046 uioriginal: IFF-mount original cpanel\Backgrounds\SocialInfoPopup.BMP
07:23:57.048 autotest: AUTOTEST uirel: popupStringsCanon=True tipsCanon=True art=True sortsMounted=True hostGeometry=True capacityLaw=True filterLaw=True markerLaw=True orderLaw=True scoreLaw=True cardGeometry=True cardTooltips=True popupLaw=True identityLaw=True rightClickLaw=True paging=True
07:23:57.048 autotest: AUTOTEST uirel: PASS
07:23:57.050 uioriginal: IFF-mount original NghUI\banner_downtown.bmp
07:23:57.050 uioriginal: IFF-mount original NghUI\Return.bmp
07:23:57.050 uioriginal: IFF-mount original Downtown\Return.bmp
07:23:57.050 uioriginal: IFF-mount original Studiotown\Return.bmp
07:23:57.051 uioriginal: IFF-mount original Magicland\Return.bmp
07:23:57.051 uioriginal: IFF-mount original Downtown\Import.bmp
07:23:57.051 uioriginal: IFF-mount original Downtown\Bulldoze.bmp
07:23:57.051 uinav: IFF-mount neighborhood surround 1024x768
07:23:57.051 autotest: AUTOTEST uinav: tipsCanon=True returnTips=True art=True surround=True/mounted=True lawOk=True layoutOk=True off=112,84 lotClip=True homeStrip=True dtStrip=True returnBtn=True moveInLock=True strips=3 buttons=32
07:23:57.051 autotest: AUTOTEST uinav: PASS
07:23:57.053 uioriginal: IFF-mount original cpanel\backgrounds\budgetback.bmp
07:23:57.054 uioriginal: IFF-mount original cpanel\buttons\budgetok.bmp
07:23:57.055 autotest: AUTOTEST uibudget: canon=True art=True live=True colsOk=True totalsOk=True okBtnOk=True tipsOk=True labelW=188
07:23:57.055 autotest: AUTOTEST uibudget: PASS
07:23:57.058 uioriginal: IFF-mount original cpanel\tuthigh.bmp
07:23:57.058 uioriginal: IFF-mount original cpanel\Backgrounds\PopupInfoTiles.bmp
07:23:57.059 uioriginal: IFF-mount original Shared\Sys\WinScrol.BMP
07:23:57.060 autotest: AUTOTEST uihelp: canon=True art=True live=True selLaw=True bodyLaw=True mounted=True persistedBefore=0
07:23:57.061 autotest: AUTOTEST uihelp: canonDetail lbl=True n=1598 sha=True count=True p0=True p92=True p3=True p66=True p13=True realSha=c30b13f66c04818f17f2f94219a646a3eeae5ac18c224f437be40155c5482f41
07:23:57.061 autotest: AUTOTEST uihelp: PASS
07:23:57.063 uioriginal: IFF-mount original cpanel\backgrounds\scrapback.bmp
07:23:57.063 uioriginal: IFF-mount original cpanel\buttons\scrapdone.bmp
07:23:57.064 uioriginal: IFF-mount original cpanel\buttons\scrapdelete.bmp
07:23:57.064 uioriginal: IFF-mount original cpanel\buttons\scraphome.bmp
07:23:57.064 uioriginal: IFF-mount original cpanel\buttons\scrapleft.bmp
07:23:57.064 uioriginal: IFF-mount original cpanel\buttons\scrapright.bmp
07:23:57.064 uioriginal: IFF-mount original cpanel\buttons\scrapend.bmp
07:23:57.100 autotest: AUTOTEST uiscrap modal-input-and-original-cancel=True
07:23:57.102 autotest: AUTOTEST uiscrap editor=True saved-navigation=True persistence=True
07:23:57.105 autotest: AUTOTEST uiscrap live dialog anchors/cells/tooltips=OK nav=OK album=OK overlay=OK
07:23:57.158 autotest: AUTOTEST uiscrap camera239=True native-frame/input/dpi/jpeg/family/legacy OK
07:23:57.160 autotest: AUTOTEST uiscrap editor239=True native keyboard/mouse/wrap-edge contracts passed
07:23:57.160 autotest: AUTOTEST uiscrap canon=True canon141=True art=True law=True inset=True live=True nav=True album=True overlay=True
07:23:57.160 autotest: AUTOTEST uiscrap: PASS
07:23:57.170 autotest: AUTOTEST uiclip SDL UTF8 and Ctrl/Command clipboard shortcuts; nativePasteboardRestore=verified-all-items-types-data pass
07:23:57.170 autotest: AUTOTEST uiclip: PASS
07:23:57.173 autotest: AUTOTEST uitutorial opcode10 ownership/contention/errors; owner deletion/dialog isolation; v38/v39/TSO boundaries; 5 original trailer fixtures; tutorial modal routing passed
07:23:57.173 autotest: AUTOTEST uitutorial: PASS
07:23:57.175 autotest: AUTOTEST uitutorial-action native named-tree bytes; isolated main-stack/dialog preservation; pause redisplay return; opcode0/17/other/missing notifications; TS1 wake and TSO isolation; command49 roundtrip passed
07:23:57.175 autotest: AUTOTEST uitutorial-action: PASS
07:23:57.180 uioriginal: IFF-mount original CPanel\TutHigh.bmp
07:23:57.182 uioriginal: IFF-mount original shared\sys\MinimizeBox.bmp
07:23:57.611 autotest: AUTOTEST uitutorial-render isolated production dialog route; original icon/closebox/body/group opacity; timing/replacement/keys/modal cleanup; native anchors; five GPU captures pass
07:23:57.612 autotest: AUTOTEST uitutorial-render: PASS
07:23:57.864 autotest: AUTOTEST uitutorial-highlight ui-events BCON+named trees pinned; anchor/lotbtn/clear/invisible laws; 167ms ping-pong GPU captures (3 distinct frames, contained); magenta-key footprint 5892 (loader-keyed); modal hide/restore; target-destroy clear; prim-34 sub-ops 0/1/2 + failure no-ops + native off-law (unresolvable keeps / resolvable clears); poll mailbox flush/heartbeat/exactly-once; ev 9/11 skeptic regression; shared edge latch; re-entrancy guard; hover resolution
07:23:57.865 autotest: AUTOTEST uitutorial-highlight: PASS
07:23:57.865 uioriginal: IFF-mount original cpanel\pieFace1.bmp
07:23:57.867 autotest: AUTOTEST uipie art=True law=True slots=True live=True sel=True close=True
07:23:57.867 autotest: AUTOTEST uipie: PASS
07:23:57.868 uioriginal: IFF-mount original cpanel\backgrounds\phonebookbkg.bmp
07:23:57.869 uioriginal: IFF-mount original cpanel\backgrounds\phoneicon.bmp
07:23:57.871 autotest: AUTOTEST uiphone input keyboard=True mouse=True
07:23:57.871 autotest: AUTOTEST uiphone canon=True art=True law=True selection=True overflow=True
07:23:57.871 autotest: AUTOTEST uiphone: PASS
07:23:57.871 uioriginal: IFF-mount original Shared\Sys\WinBtn.BMP
07:23:57.871 uioriginal: IFF-mount original Shared\Sys\WinChk.BMP
07:23:57.872 uioriginal: IFF-mount original Shared\Sys\WINSLH.bmp
07:23:57.872 uioriginal: IFF-mount original Shared\Sys\WINSLV.bmp
07:23:57.872 uioriginal: IFF-mount original Shared\Sys\dropdown.bmp
07:23:57.872 uioriginal: IFF-mount original Shared\Sys\ListBack.BMP
07:23:57.872 uioriginal: IFF-mount original Shared\Sys\CloseBox.bmp
07:23:57.872 uioriginal: IFF-mount original Shared\Sys\MinimizeBox.bmp
07:23:57.873 autotest: AUTOTEST uisyschrome tile-density=1 uncovered=0
07:23:57.874 autotest: AUTOTEST uisyschrome tile-density=1.25 uncovered=0
07:23:57.874 autotest: AUTOTEST uisyschrome tile-density=1.7033333 uncovered=0
07:23:57.875 autotest: AUTOTEST uisyschrome tile-density=2 uncovered=0
07:23:57.875 autotest: AUTOTEST uisyschrome art=True math=True wired=True fractional-tile-coverage=True
07:23:57.875 autotest: AUTOTEST uisyschrome: PASS
07:23:57.877 autotest: AUTOTEST uibigbtn art=True live=True mounted=2 desktop=True
07:23:57.877 autotest: AUTOTEST uibigbtn: PASS
07:23:57.878 uioriginal: IFF-mount original cpanel\Backgrounds\TallSubPanel.TGA
07:23:57.881 uioriginal: IFF-mount original cpanel\ViewMenuZoomIn.bmp
07:23:57.883 uioriginal: IFF-mount original cpanel\ViewMenuZoomOut.bmp
07:23:57.883 uioriginal: IFF-mount original cpanel\ViewMenuRotateLeft.bmp
07:23:57.884 uioriginal: IFF-mount original cpanel\ViewMenuRotateRight.bmp
07:23:57.884 uioriginal: IFF-mount original cpanel\ViewMenuBackground.bmp
07:23:57.890 autotest: AUTOTEST uismall art=True tall=True flyoutRetired=True desktop-fit=True configured-resolution-roundtrip=True
07:23:57.890 autotest: AUTOTEST uismall: PASS
07:23:57.893 autotest: AUTOTEST uiviewpie mounted=True geometry=True cells=True dedupe=True dispatch=True cleanup=True
07:23:57.893 autotest: AUTOTEST uiviewpie: PASS
07:23:57.893 uioriginal: IFF-mount original Other\SpeechMedium.bmp
07:23:57.893 uioriginal: IFF-mount original Other\SpeechLarge.bmp
07:23:57.893 uioriginal: IFF-mount original Other\TragedyMask.BMP
07:23:57.894 autotest: AUTOTEST uiballoon art=True tragedy=True law=True live=True
07:23:57.894 autotest: AUTOTEST uiballoon: PASS
07:23:57.900 autotest: AUTOTEST uicas IFF-literal PickFamily+DesignFamily+DesignChar + CAS twins: c128=True c129=True c130=True simTwinned=True simText=True famsTwinned=True famTwinned=True dialogWired=True
07:23:57.900 autotest: AUTOTEST uicas: PASS
07:23:57.914 autotest: AUTOTEST uidtips IFF-literal VCtlTips + UCP tooltips: canon=True (VCtlTips/432) wired=True speedWired=True renderer=True(box=32,17..95,32 ink=35,21..90,28 font=7 artifact=/Users/nathannoom/Documents/Simitone/uisurvey-tooltip.png multiBox=32,20..95,48 bands=35,24..90,31/35,37..90,44 gapInk=False multiArtifact=/Users/nathannoom/Documents/Simitone/uisurvey-tooltip-multiline.png native07-at-2x=True native07-at-1.7x=True) live='Live Mode - F1' zoomIn='Zoom In  +'
07:23:57.914 autotest: AUTOTEST uidtips: PASS
07:23:57.915 autotest: AUTOTEST uivfont original .ffn default renderer: ok=True tablesMounted=17/10 draws=19 glyphs=102 lastTable=10@1
07:23:57.916 autotest: AUTOTEST uivfont: PASS
07:23:57.929 uioriginal: IFF-mount original cpanel\Buttons\OptSave.BMP
07:23:57.930 uioriginal: IFF-mount original cpanel\Buttons\OptNbhd.bmp
07:23:57.931 uioriginal: IFF-mount original cpanel\Buttons\OptExit.bmp
07:23:57.931 uioriginal: IFF-mount original cpanel\Buttons\optgraphics.bmp
07:23:57.931 uioriginal: IFF-mount original cpanel\Buttons\optsound.bmp
07:23:57.931 uioriginal: IFF-mount original cpanel\Buttons\optplay.bmp
07:23:57.931 uioriginal: IFF-mount original cpanel\Buttons\optcheckbox.bmp
07:23:57.931 uioriginal: IFF-mount original cpanel\Buttons\optradio.bmp
07:23:57.931 uioriginal: IFF-mount original cpanel\Buttons\optslideron.bmp
07:23:57.931 uioriginal: IFF-mount original cpanel\Buttons\optslideroff.bmp
07:23:57.931 uioriginal: IFF-mount original cpanel\Buttons\opttutreset.BMP
07:23:57.931 uioriginal: IFF-mount original cpanel\Backgrounds\OptionsToothpkHoriz.bmp
07:23:57.931 uioriginal: IFF-mount original cpanel\Backgrounds\OptionsToothpkVert.bmp
07:23:57.934 uioriginal: IFF-mount original cpanel\PopupOptFreeWill.bmp
07:23:57.941 autotest: AUTOTEST uiopts original options screen: canon=True (optionstrs/84 sha=b4f0ecd7) art=True live=True directivesParsed=6
07:23:57.941 autotest: AUTOTEST uiopts: PASS
07:23:57.948 uioriginal: IFF-mount original cpanel\Catalog\BuyFSeating.bmp
07:23:57.950 uioriginal: IFF-mount original cpanel\Catalog\SubSortIcons\Seating\BuySubSortOne.BMP
07:23:57.950 uioriginal: IFF-mount original cpanel\Catalog\SubSortIcons\Seating\BuySubSortTwo.bmp
07:23:57.950 uioriginal: IFF-mount original cpanel\Catalog\SubSortIcons\Seating\BuySubSortThree.BMP
07:23:57.950 uioriginal: IFF-mount original cpanel\Catalog\SubSortIcons\Seating\BuySubSortFour.BMP
07:23:57.950 uioriginal: IFF-mount original cpanel\Catalog\SubSortIcons\BuySubSortOther.bmp
07:23:57.950 uioriginal: IFF-mount original cpanel\Catalog\SubSortIcons\BuySubSortAll.bmp
07:23:57.950 uioriginal: IFF-mount original cpanel\Catalog\BackButtons\BackFSeating.bmp
07:23:58.072 autotest: AUTOTEST uibuy original buy catalog: canon=True (BuyModeCatalogSortTips/48+) art=True (80 pins) live=True
07:23:58.073 autotest: AUTOTEST uibuy: PASS
07:23:58.085 autotest: AUTOTEST uiexpband art-gen cpanel\catalog\buycfour.bmp len=3560 80x33 sha=3edfdfa774c1f3fade88e13292a04299a337d882e427c9f8cffe3f8cba19416c;cpanel\catalog\buycmisc.bmp len=3306 124x29 sha=2a345953b696cad2afeef2d20675a96c0102318c62dacc7b39ba6ad9f65ec8e7;cpanel\catalog\buycone.bmp len=5064 128x42 sha=0b00cdaf031e3e500ac80d219eff08abce775ca643cd11a39b88c475c74e77f7;cpanel\catalog\buyddining.bmp len=5064 128x42 sha=0b00cdaf031e3e500ac80d219eff08abce775ca643cd11a39b88c475c74e77f7;cpanel\catalog\buydmisc.bmp len=3306 124x29 sha=2a345953b696cad2afeef2d20675a96c0102318c62dacc7b39ba6ad9f65ec8e7;cpanel\catalog\buydoutdoor.bmp len=6360 144x36 sha=494a884419d5f024d491f642e0692fcb879539d056dba5ba5d2bd92d6279daf7;cpanel\catalog\buydshops.bmp len=3500 96x35 sha=896e0ae6122ecfd9ea4beb9fbda08b9bd86586d1849b82012c4dd80405aa703d;cpanel\catalog\buymoutdoor.bmp len=6360 144x36 sha=6add01047a241123de1e9f2d07a189351184ab673a55bd2e033684aab12eacea;cpanel\catalog\buymtmagic.bmp len=5980 144x36 sha=59accc4991481d8d619a33e3f82924ca7d5f4e47e9670591a235778454dff55e;cpanel\catalog\buystspa.bmp len=6272 144x36 sha=472b79337c9af4b811fbe6084aadaef58f84a7c79e5ea34418dd6ae6c82239d2;cpanel\catalog\buyststudio.bmp len=6384 144x36 sha=f1fe39930c70eb037301a94afd7fd520dc2750794e9d3cb262c484f065a45b7e;cpanel\catalog\buyvmisc.bmp len=3306 124x29 sha=2a345953b696cad2afeef2d20675a96c0102318c62dacc7b39ba6ad9f65ec8e7;cpanel\catalog\buyvone.bmp len=6624 128x42 sha=5a6fc23912efaa3d12d2c1a5e8e352259d591f13aebbe205be7a8a28c170ffe9;cpanel\catalog\backbuttons\backcmisc.bmp len=4026 132x26 sha=711c9a7a39c0eee31de748f3a1de5fc38c0a870b8d04bc040b5112393efe39d2;cpanel\catalog\backbuttons\backcone.bmp len=4034 132x26 sha=eb98551dff1a11b203bd4758d16c06b66e404ac52127b9b8b204b9f9f9f056aa;cpanel\catalog\backbuttons\backdmisc.bmp len=4026 132x26 sha=711c9a7a39c0eee31de748f3a1de5fc38c0a870b8d04bc040b5112393efe39d2;cpanel\catalog\backbuttons\backdshops.bmp len=3822 132x26 sha=03b8eb1ae56cf52a23223bda6f2865b2691c05ccf2a27bb178b68bc69e6b90a5;cpanel\catalog\backbuttons\backsspa.bmp len=4036 132x26 sha=f2b9bcbf11ae344cddb7532347f7a590c02e53d1ae1478635ad5c7c850fd8be3;cpanel\catalog\backbuttons\backsstudio.bmp len=4032 132x26 sha=5f5abbcfcfb99a51ba9daff091fb325b3065a09c8e5de51d60fec2cfb960260d;cpanel\catalog\subsorticons\communitysubsort\buysubsortcommunitymisc.bmp len=6100 144x36 sha=c7f8936d1f78cab17734ac8026dd3d442d70db207aadb24db80fe6b319c68854;cpanel\catalog\subsorticons\communitysubsort\buysubsortcommunityseating.bmp len=6316 144x36 sha=2cbd2d260deb6ab59760d55b96d797dd3473ca84e9b7944b4751847cbd26e5b1;cpanel\catalog\subsorticons\downtownsubsort\buysubsortdowntownseating.bmp len=6316 144x36 sha=2cbd2d260deb6ab59760d55b96d797dd3473ca84e9b7944b4751847cbd26e5b1;cpanel\catalog\subsorticons\vacationsubsort\buysubsortvacationseating.bmp len=6316 144x36 sha=2cbd2d260deb6ab59760d55b96d797dd3473ca84e9b7944b4751847cbd26e5b1;
07:23:58.086 uioriginal: IFF-mount original cpanel\Catalog\BuyDDining.bmp
07:23:58.086 uioriginal: IFF-mount original cpanel\Catalog\BuyDShops.bmp
07:23:58.086 uioriginal: IFF-mount original cpanel\Catalog\BuyDOutdoor.bmp
07:23:58.086 uioriginal: IFF-mount original cpanel\Catalog\BuyDStreet.bmp
07:23:58.086 uioriginal: IFF-mount original cpanel\Catalog\BuyDMisc.bmp
07:23:58.086 uioriginal: IFF-mount original cpanel\Catalog\SubSortIcons\DowntownSubsort\BuySubSortDowntownSeating.bmp
07:23:58.086 uioriginal: IFF-mount original cpanel\Catalog\SubSortIcons\DowntownSubsort\BuySubSortDowntownSurfaces.bmp
07:23:58.086 uioriginal: IFF-mount original cpanel\Catalog\SubSortIcons\DowntownSubsort\BuySubSortDowntownDecorative.bmp
07:23:58.086 uioriginal: IFF-mount original cpanel\Catalog\SubSortIcons\DowntownSubsort\BuySubSortDowntownElectronics.bmp
07:23:58.086 uioriginal: IFF-mount original cpanel\Catalog\SubSortIcons\DowntownSubsort\BuySubSortDowntownAppliances.bmp
07:23:58.087 uioriginal: IFF-mount original cpanel\Catalog\SubSortIcons\DowntownSubsort\BuySubSortDowntownPlumbing.bmp
07:23:58.087 uioriginal: IFF-mount original cpanel\Catalog\SubSortIcons\DowntownSubsort\BuySubSortDowntownLighting.bmp
07:23:58.087 uioriginal: IFF-mount original cpanel\Catalog\SubSortIcons\DowntownSubsort\BuySubSortDowntownMisc.bmp
07:23:58.087 uioriginal: IFF-mount original cpanel\Catalog\BackButtons\BackDDining.bmp
07:23:58.087 uioriginal: IFF-mount original cpanel\Catalog\BuyCOne.bmp
07:23:58.087 uioriginal: IFF-mount original cpanel\Catalog\BuyCTwo.bmp
07:23:58.087 uioriginal: IFF-mount original cpanel\Catalog\BuyCThree.bmp
07:23:58.087 uioriginal: IFF-mount original cpanel\Catalog\BuyCFour.bmp
07:23:58.087 uioriginal: IFF-mount original cpanel\Catalog\BuyCMisc.bmp
07:23:58.087 uioriginal: IFF-mount original cpanel\Catalog\SubSortIcons\CommunitySubsort\BuySubSortCommunitySeating.bmp
07:23:58.087 uioriginal: IFF-mount original cpanel\Catalog\SubSortIcons\CommunitySubsort\BuySubSortCommunitySurfaces.bmp
07:23:58.087 uioriginal: IFF-mount original cpanel\Catalog\SubSortIcons\CommunitySubsort\BuySubSortCommunityDecorative.bmp
07:23:58.087 uioriginal: IFF-mount original cpanel\Catalog\SubSortIcons\CommunitySubsort\BuySubSortCommunityElectronics.bmp
07:23:58.088 uioriginal: IFF-mount original cpanel\Catalog\SubSortIcons\CommunitySubsort\BuySubSortCommunityAppliances.bmp
07:23:58.088 uioriginal: IFF-mount original cpanel\Catalog\SubSortIcons\CommunitySubsort\BuySubSortCommunityPlumbing.bmp
07:23:58.088 uioriginal: IFF-mount original cpanel\Catalog\SubSortIcons\CommunitySubsort\BuySubSortCommunityLighting.bmp
07:23:58.088 uioriginal: IFF-mount original cpanel\Catalog\SubSortIcons\CommunitySubsort\BuySubSortCommunityMisc.bmp
07:23:58.088 uioriginal: IFF-mount original cpanel\Catalog\BackButtons\BackCOne.bmp
07:23:58.088 uioriginal: IFF-mount original cpanel\Catalog\BuyVOne.bmp
07:23:58.088 uioriginal: IFF-mount original cpanel\Catalog\BuyVTwo.bmp
07:23:58.088 uioriginal: IFF-mount original cpanel\Catalog\BuyVThree.bmp
07:23:58.088 uioriginal: IFF-mount original cpanel\Catalog\BuyVFour.bmp
07:23:58.088 uioriginal: IFF-mount original cpanel\Catalog\BuyVMisc.bmp
07:23:58.088 uioriginal: IFF-mount original cpanel\Catalog\SubSortIcons\VacationSubsort\BuySubSortVacationSeating.bmp
07:23:58.088 uioriginal: IFF-mount original cpanel\Catalog\SubSortIcons\VacationSubsort\BuySubSortVacationSurfaces.bmp
07:23:58.088 uioriginal: IFF-mount original cpanel\Catalog\SubSortIcons\VacationSubsort\BuySubSortVacationDecorative.bmp
07:23:58.088 uioriginal: IFF-mount original cpanel\Catalog\SubSortIcons\VacationSubsort\BuySubSortVacationElectronics.bmp
07:23:58.088 uioriginal: IFF-mount original cpanel\Catalog\SubSortIcons\VacationSubsort\BuySubSortVacationAppliances.bmp
07:23:58.089 uioriginal: IFF-mount original cpanel\Catalog\SubSortIcons\VacationSubsort\BuySubSortVacationPlumbing.bmp
07:23:58.089 uioriginal: IFF-mount original cpanel\Catalog\SubSortIcons\VacationSubsort\BuySubSortVacationLighting.bmp
07:23:58.089 uioriginal: IFF-mount original cpanel\Catalog\SubSortIcons\VacationSubsort\BuySubSortVacationMisc.bmp
07:23:58.089 uioriginal: IFF-mount original cpanel\Catalog\BackButtons\BackVOne.bmp
07:23:58.089 uioriginal: IFF-mount original cpanel\Catalog\BuySTStudio.bmp
07:23:58.089 uioriginal: IFF-mount original cpanel\Catalog\BuySTSpa.bmp
07:23:58.089 uioriginal: IFF-mount original cpanel\Catalog\BuyMTmagic.bmp
07:23:58.089 uioriginal: IFF-mount original cpanel\Catalog\BuyMOutdoor.bmp
07:23:58.137 uioriginal: IFF-mount original cpanel\Catalog\BackButtons\BackDShops.bmp
07:23:58.138 uioriginal: IFF-mount original cpanel\Catalog\BackButtons\BackSStudio.bmp
07:23:58.139 uioriginal: IFF-mount original cpanel\Catalog\BackButtons\BackSSpa.bmp
07:23:58.139 autotest: AUTOTEST uiexpband live: community main0=364 misc=428 sub3=17 downtown0=386 studio2/3=270/110 magic2/3=166/150 fullMode=659
07:23:58.140 autotest: AUTOTEST uiexpband expansion buy bands: art=True (23 pins) chrome=True live=True boundary=True
07:23:58.140 autotest: AUTOTEST uiexpband: PASS
07:23:58.152 autotest: AUTOTEST uibandlaw: fit=True pair=True popupText=True ownership=True thumbDispatch=True frames=True toggle=True regions=True(12) hover=True popup=True anchor=True icon=True topmost=True selectedExit=True detach=True
07:23:58.152 autotest: AUTOTEST uibandlaw: PASS
07:23:58.158 autotest: AUTOTEST uienamat matrix roomFunc enabled-cells=39/64
07:23:58.158 autotest: AUTOTEST uienamat matrix downtown enabled-cells=34/64
07:23:58.158 autotest: AUTOTEST uienamat matrix vacation enabled-cells=37/64
07:23:58.159 autotest: AUTOTEST uienamat matrix community enabled-cells=37/64
07:23:58.159 autotest: AUTOTEST uienamat matrix studio enabled-cells=35/64
07:23:58.159 autotest: AUTOTEST uienamat matrix magic enabled-cells=37/64
07:23:58.160 autotest: AUTOTEST uienamat matrix funcSub enabled-cells=27/64
07:23:58.161 uioriginal: IFF-mount original cpanel\Catalog\SubSortIcons\RoomSubsort\BuySubSortRoomSeating.BMP
07:23:58.161 uioriginal: IFF-mount original cpanel\Catalog\SubSortIcons\RoomSubsort\BuySubSortRoomSurfaces.BMP
07:23:58.161 uioriginal: IFF-mount original cpanel\Catalog\SubSortIcons\RoomSubsort\BuySubSortRoomDecorative.BMP
07:23:58.161 uioriginal: IFF-mount original cpanel\Catalog\SubSortIcons\RoomSubsort\BuySubSortRoomElectronics.bmp
07:23:58.161 uioriginal: IFF-mount original cpanel\Catalog\SubSortIcons\RoomSubsort\BuySubSortRoomAppliances.BMP
07:23:58.161 uioriginal: IFF-mount original cpanel\Catalog\SubSortIcons\RoomSubsort\BuySubSortRoomPlumbing.BMP
07:23:58.161 uioriginal: IFF-mount original cpanel\Catalog\SubSortIcons\RoomSubsort\BuySubSortRoomLighting.BMP
07:23:58.161 uioriginal: IFF-mount original cpanel\Catalog\SubSortIcons\RoomSubsort\BuySubSortRoomMisc.bmp
07:23:58.161 uioriginal: IFF-mount original cpanel\Catalog\BackButtons\BackRKitchen.bmp
07:23:58.161 autotest: AUTOTEST uienamat click-noop victim plaque=2 exercised=true
07:23:58.162 autotest: AUTOTEST uienamat: cells=True anchor(stove)=True wiring=True noop=True reset=True
07:23:58.162 autotest: AUTOTEST uienamat: PASS
07:23:58.164 uioriginal: IFF-mount original cpanel\Backgrounds\PopupInfo.BMP
RELPROBE mode=0 myNID=32 caller[obj=16,nid=32] targNID=33 stack[obj=33,nid=0,avatar=False] exists=True bucketMismatch=False
RELPROBE mode=0 myNID=32 caller[obj=16,nid=32] targNID=34 stack[obj=34,nid=0,avatar=False] exists=True bucketMismatch=False
RELPROBE mode=0 myNID=32 caller[obj=16,nid=32] targNID=1 stack[obj=1,nid=0,avatar=False] exists=False bucketMismatch=False
RELPROBE mode=0 myNID=32 caller[obj=16,nid=32] targNID=2 stack[obj=2,nid=0,avatar=False] exists=False bucketMismatch=False
RELPROBE mode=0 myNID=32 caller[obj=16,nid=32] targNID=3 stack[obj=3,nid=0,avatar=False] exists=False bucketMismatch=False
RELPROBE mode=0 myNID=32 caller[obj=16,nid=32] targNID=4 stack[obj=4,nid=0,avatar=False] exists=False bucketMismatch=False
RELPROBE mode=0 myNID=32 caller[obj=16,nid=32] targNID=5 stack[obj=5,nid=0,avatar=False] exists=False bucketMismatch=False
RELPROBE mode=0 myNID=32 caller[obj=16,nid=32] targNID=6 stack[obj=6,nid=0,avatar=False] exists=False bucketMismatch=False
RELPROBE mode=0 myNID=32 caller[obj=16,nid=32] targNID=7 stack[obj=7,nid=0,avatar=False] exists=False bucketMismatch=False
RELPROBE mode=0 myNID=32 caller[obj=16,nid=32] targNID=8 stack[obj=8,nid=0,avatar=False] exists=False bucketMismatch=False
RELPROBE mode=0 myNID=32 caller[obj=16,nid=32] targNID=9 stack[obj=9,nid=0,avatar=False] exists=False bucketMismatch=False
RELPROBE mode=0 myNID=32 caller[obj=16,nid=32] targNID=10 stack[obj=10,nid=0,avatar=False] exists=False bucketMismatch=False
RELPROBE mode=0 myNID=32 caller[obj=16,nid=32] targNID=11 stack[obj=11,nid=0,avatar=False] exists=False bucketMismatch=False
RELPROBE mode=0 myNID=32 caller[obj=16,nid=32] targNID=12 stack[obj=12,nid=0,avatar=False] exists=False bucketMismatch=False
RELPROBE mode=0 myNID=32 caller[obj=16,nid=32] targNID=13 stack[obj=13,nid=0,avatar=False] exists=False bucketMismatch=False
RELPROBE mode=0 myNID=32 caller[obj=16,nid=32] targNID=14 stack[obj=14,nid=0,avatar=False] exists=False bucketMismatch=False
RELPROBE mode=0 myNID=32 caller[obj=16,nid=32] targNID=15 stack[obj=15,nid=0,avatar=False] exists=False bucketMismatch=False
RELPROBE mode=0 myNID=32 caller[obj=16,nid=32] targNID=32 stack[obj=16,nid=32,avatar=True] exists=False bucketMismatch=False
RELPROBE mode=0 myNID=32 caller[obj=16,nid=32] targNID=17 stack[obj=17,nid=0,avatar=False] exists=False bucketMismatch=False
RELPROBE mode=0 myNID=32 caller[obj=16,nid=32] targNID=33 stack[obj=18,nid=33,avatar=True] exists=True bucketMismatch=False
RELPROBE mode=0 myNID=32 caller[obj=16,nid=32] targNID=33 stack[obj=18,nid=33,avatar=True] exists=True bucketMismatch=False
RELPROBE mode=0 myNID=32 caller[obj=16,nid=32] targNID=33 stack[obj=18,nid=33,avatar=True] exists=True bucketMismatch=False
RELPROBE mode=1 myNID=33 caller[obj=16,nid=32] targNID=32 stack[obj=18,nid=33,avatar=True] exists=True bucketMismatch=True
RELPROBE mode=1 myNID=33 caller[obj=16,nid=32] targNID=32 stack[obj=18,nid=33,avatar=True] exists=True bucketMismatch=True
RELPROBE mode=0 myNID=32 caller[obj=16,nid=32] targNID=34 stack[obj=21,nid=34,avatar=True] exists=True bucketMismatch=False
RELPROBE mode=0 myNID=32 caller[obj=16,nid=32] targNID=34 stack[obj=21,nid=34,avatar=True] exists=True bucketMismatch=False
RELPROBE mode=0 myNID=32 caller[obj=16,nid=32] targNID=34 stack[obj=21,nid=34,avatar=True] exists=True bucketMismatch=False
RELPROBE mode=1 myNID=34 caller[obj=16,nid=32] targNID=32 stack[obj=21,nid=34,avatar=True] exists=True bucketMismatch=True
RELPROBE mode=1 myNID=34 caller[obj=16,nid=32] targNID=32 stack[obj=21,nid=34,avatar=True] exists=True bucketMismatch=True
RELPROBE mode=0 myNID=33 caller[obj=18,nid=33] targNID=32 stack[obj=16,nid=32,avatar=True] exists=True bucketMismatch=False
RELPROBE mode=0 myNID=33 caller[obj=18,nid=33] targNID=32 stack[obj=16,nid=32,avatar=True] exists=True bucketMismatch=False
RELPROBE mode=0 myNID=33 caller[obj=18,nid=33] targNID=33 stack[obj=18,nid=33,avatar=True] exists=False bucketMismatch=False
RELPROBE mode=0 myNID=33 caller[obj=18,nid=33] targNID=34 stack[obj=21,nid=34,avatar=True] exists=True bucketMismatch=False
RELPROBE mode=0 myNID=33 caller[obj=18,nid=33] targNID=34 stack[obj=21,nid=34,avatar=True] exists=True bucketMismatch=False
RELPROBE mode=0 myNID=33 caller[obj=18,nid=33] targNID=34 stack[obj=21,nid=34,avatar=True] exists=True bucketMismatch=False
RELPROBE mode=1 myNID=34 caller[obj=18,nid=33] targNID=33 stack[obj=21,nid=34,avatar=True] exists=True bucketMismatch=True
RELPROBE mode=1 myNID=34 caller[obj=18,nid=33] targNID=33 stack[obj=21,nid=34,avatar=True] exists=True bucketMismatch=True
RELPROBE mode=0 myNID=34 caller[obj=21,nid=34] targNID=32 stack[obj=16,nid=32,avatar=True] exists=True bucketMismatch=False
RELPROBE mode=0 myNID=34 caller[obj=21,nid=34] targNID=32 stack[obj=16,nid=32,avatar=True] exists=True bucketMismatch=False
RELPROBE mode=0 myNID=34 caller[obj=21,nid=34] targNID=33 stack[obj=18,nid=33,avatar=True] exists=True bucketMismatch=False
RELPROBE mode=0 myNID=34 caller[obj=21,nid=34] targNID=33 stack[obj=18,nid=33,avatar=True] exists=True bucketMismatch=False
RELPROBE mode=0 myNID=34 caller[obj=21,nid=34] targNID=34 stack[obj=21,nid=34,avatar=True] exists=False bucketMismatch=False
07:23:58.208 autotest: AUTOTEST uidesc original description panel: canon=True (160/20) art=True (2 pins) live=True atomic=True mounts=0 strLoads=2
07:23:58.208 autotest: AUTOTEST uidesc: PASS
07:23:58.235 autotest: AUTOTEST uitt original object hover tooltips: canon=True (159/9) live=True colorLaw=True strLoads=8
07:23:58.235 autotest: AUTOTEST uitt: PASS
07:23:58.236 autotest: AUTOTEST uidirt STR# 149 DirtToolErrs canon + mount + law: canon=True chunkID=149 entries=126 english=7 sha=8de848c01abe mount=True law=True
07:23:58.236 autotest: AUTOTEST uidirt: PASS
07:23:58.237 autotest: AUTOTEST uistrfam system families: pauseCanon=True btnsCanon=True mounted=True resolverLaw=True alertLive=True labelMounted=True pauseLaw=True
07:23:58.237 autotest: AUTOTEST uistrfam: PASS
07:23:58.238 autotest: AUTOTEST uifriend friend count: canon=True mounted=True readout=True countLaw=True(n=0) geometry=True tooltip=True compareThenSet=True dialog=True
07:23:58.238 autotest: AUTOTEST uifriend: PASS
07:23:58.238 panel-ctor: original toolbar backdrop mounted 804x100
07:23:58.238 panel-ctor: desktop speed cluster is on the UCP plate (R142 engine anchors)
07:23:58.239 autotest: AUTOTEST uipanelentry lot-entry panel compose: liveComposed=True (active=True width=764 target=804) freshComposed=True
07:23:58.239 autotest: AUTOTEST uipanelentry: PASS
07:23:58.240 autotest: AUTOTEST uicheat cheat bar: geometry=True bg=True(64,93,95) textLaw=True chordC=True chordB=True chordXinert=True mounted=20,20 inner=200x21
07:23:58.240 autotest: AUTOTEST uicheat: PASS
07:23:58.240 autotest: AUTOTEST uitrans screen switch: inventionGone=True lawConstants=True
07:23:58.240 autotest: AUTOTEST uitrans: PASS
07:23:58.240 autotest: AUTOTEST uivita idle canon: adult=True child=True cat=True dog=True sway=True
07:23:58.241 autotest: AUTOTEST uivita: PASS
07:23:58.247 autotest: AUTOTEST uivitaplay: content=true build=True sway=True seed=True advance=True cycle=True gender=True child=True ownList=True swayLive=True diag(childPlays=28 childSkips=1 childWraps=2 childName=c2o-heyyou1)
07:23:58.247 autotest: AUTOTEST uivitaplay: PASS
07:23:58.248 autotest: AUTOTEST uicheathelp: canon=True filter=True select=True open=True complete=True esc=True noSel=True mounted=True
07:23:58.248 autotest: AUTOTEST uicheathelp: PASS
07:23:58.250 autotest: AUTOTEST uitotal live tree: elements=103 original=30 targets=0 solids=15 blanks=124 whitelisted=6 violations=0 registry=355
07:23:58.250 autotest: AUTOTEST uitotal paused tree fold: +104 elements +30 original +0 violations label=True
07:23:58.250 autotest: AUTOTEST uitotal: PASS
07:23:58.284 uioriginal: IFF-mount original cpanel\Build\TerrainUpIcon.BMP
07:23:58.285 uioriginal: IFF-mount original cpanel\Build\TerrainDownIcon.BMP
07:23:58.285 uioriginal: IFF-mount original cpanel\Build\TerrainLevelIcon.BMP
07:23:58.285 uioriginal: IFF-mount original cpanel\HDBuild\TerrainGrassIcon.BMP
07:23:58.286 uioriginal: IFF-mount original cpanel\HDBuild\WaterToolIcon.bmp
07:23:58.286 uioriginal: IFF-mount original cpanel\Build\PoolToolIcon.bmp
07:23:58.287 uioriginal: IFF-mount original cpanel\HDBuild\PopupWaterTool.bmp
07:23:58.288 uioriginal: IFF-mount original cpanel\Build\PopupPool.BMP
07:23:58.288 autotest: AUTOTEST uibuild original build catalog: canon=True (BldTips/16 ) art=True (11 pins) stateLaw=True live=True
07:23:58.288 autotest: AUTOTEST uibuild: PASS
07:23:58.289 uioriginal: IFF-mount original cpanel\Build\PopupTerrainUp.bmp
07:23:58.289 uioriginal: IFF-mount original cpanel\Build\PopupTerrainDown.bmp
07:23:58.289 uioriginal: IFF-mount original cpanel\Build\PopupTerrainLevel.bmp
07:23:58.290 uioriginal: IFF-mount original cpanel\HDBuild\popupGrass.bmp
07:23:58.292 autotest: AUTOTEST uibldt original terrain tools: art=True (8 pins) live=True floorRim=True
07:23:58.292 autotest: AUTOTEST uibldt: PASS
Failed to get Object ID: 0 (no resource)
Failed to get Object ID: 0 (no resource)
07:23:58.295 uioriginal: IFF-mount original cpanel\CatalogUnknown.bmp
07:23:58.295 autotest: AUTOTEST uiinterest interest/gift panels: canon=True art=True (25 pins) live=True
07:23:58.295 autotest: AUTOTEST uiinterest: PASS
07:23:58.296 autotest: AUTOTEST uiintvals av=16 words46-55=[9,8,7,1,3,1,4,0,4,6] dialect=raw shape=True (0x1 low=3 med=3 high=3)
07:23:58.296 autotest: AUTOTEST uiintvals av=18 words46-55=[5,9,0,7,2,7,5,3,2,6] dialect=raw shape=True (0x1 low=3 med=3 high=3)
07:23:58.296 autotest: AUTOTEST uiintvals av=21 words46-55=[8,4,9,5,0,4,8,1,3,1] dialect=raw shape=True (0x1 low=3 med=3 high=3)
07:23:58.296 autotest: AUTOTEST uiintvals: map=True avatars=3 withInterests=3
07:23:58.297 autotest: AUTOTEST uiintvals: PASS
07:23:58.298 uioriginal: IFF-mount original cpanel\Buttons\InterestExercise.bmp
07:23:58.298 uioriginal: IFF-mount original cpanel\Backgrounds\InterestBarsBackground.bmp
07:23:58.298 uioriginal: IFF-mount original cpanel\InterestBars.bmp
07:23:58.298 uioriginal: IFF-mount original cpanel\Buttons\InterestFood.bmp
07:23:58.298 uioriginal: IFF-mount original cpanel\Buttons\InterestParties.bmp
07:23:58.298 uioriginal: IFF-mount original cpanel\Buttons\InterestStyle.bmp
07:23:58.298 uioriginal: IFF-mount original cpanel\Buttons\InterestCharisma.bmp
07:23:58.299 uioriginal: IFF-mount original cpanel\Buttons\InterestHealth.bmp
07:23:58.299 uioriginal: IFF-mount original cpanel\Buttons\InterestRomance.bmp
07:23:58.299 autotest: AUTOTEST uiexpint: avatars=3 style5=3 round=True plaques=True avatarsWithTechOrRomance=3
07:23:58.299 autotest: AUTOTEST uiexpint: PASS
07:23:58.302 autotest: AUTOTEST uiexprand: genShape=True gate=True (all10=True raw7=True fail11=True zeros=True fail500=True) liveShape=True restored=True bridge=True
07:23:58.302 autotest: AUTOTEST uiexprand: PASS
07:23:58.305 autotest: AUTOTEST uiconv: conv=True (n=23 ins0=2/1/254 w=46 lit=10) hdDisarmed=True (n=38 ins0T=254 ins0F=254) wired=True (ins38=8345 ins39=8486)
07:23:58.305 autotest: AUTOTEST uiconv: PASS
07:23:58.307 autotest: AUTOTEST uibrand: plist=True exe=True icon=True (len=83420 sha=f04d652f…) title=[The Sims]
07:23:58.307 autotest: AUTOTEST uibrand: PASS
07:23:58.309 uioriginal: IFF-mount original cpanel\Build\RoofSteep.bmp
07:23:58.309 uioriginal: IFF-mount original cpanel\Build\popuproofpitch.bmp
07:23:58.310 uioriginal: IFF-mount original cpanel\Build\RoofMedium.bmp
07:23:58.310 uioriginal: IFF-mount original cpanel\Build\RoofShallow.bmp
07:23:58.310 uioriginal: IFF-mount original cpanel\Build\RoofFlat.bmp
07:23:58.310 uioriginal: IFF-mount original cpanel\Build\popuproofpattern.bmp
07:23:58.310 autotest: AUTOTEST uiroof original roof panel: str=True art=True (7 pins) live=True
07:23:58.310 autotest: AUTOTEST uiroof: PASS
07:23:58.312 autotest: AUTOTEST uigauge original live mood gauge: str=True art=True (9 pins) live=True
07:23:58.312 autotest: AUTOTEST uigauge: PASS
07:23:58.314 autotest: AUTOTEST uirate ratings family: art=True (9 pins) math=True live=True
07:23:58.314 autotest: AUTOTEST uirate: PASS
07:23:58.320 autotest: AUTOTEST uihouse original house tab: str=True math=True live=True
07:23:58.320 autotest: AUTOTEST uihouse: PASS
07:23:58.322 autotest: AUTOTEST uivalue live house value: str=True live=True
07:23:58.322 autotest: AUTOTEST uivalue: PASS
07:23:58.325 autotest: AUTOTEST uitext direct: ink=1008 solid=304 mid=704 saturated=304 eq=15360 bbox=157x21
07:23:58.326 autotest: AUTOTEST uitext uilabel: ink=1052 solid=266 mid=786 saturated=266 eq=15360 bbox=202x18
07:23:58.329 autotest: AUTOTEST uitext bg-composite: between=411 saturated=214 solid=15360
07:23:58.330 autotest: AUTOTEST uitext bold-ceiling: maxAlpha=221 (13*17=221, nibble-as-is law)
07:23:58.331 autotest: AUTOTEST uitext cp1252: unicode-ink=378 bytes-ink=378 bbox 62/62
07:23:58.331 autotest: AUTOTEST uitext probe7: ink=231 bboxW=60 measure=61
07:23:58.332 autotest: AUTOTEST uitext probe8: ink=296 bboxW=62 measure=62
07:23:58.332 autotest: AUTOTEST uitext probe9: ink=331 bboxW=69 measure=69
07:23:58.333 autotest: AUTOTEST uitext probe10: ink=382 bboxW=72 measure=72
07:23:58.334 autotest: AUTOTEST uitext probe11: ink=457 bboxW=83 measure=83
07:23:58.334 autotest: AUTOTEST uitext probe12: ink=534 bboxW=88 measure=89
07:23:58.335 autotest: AUTOTEST uitext probe14: ink=702 bboxW=108 measure=109
07:23:58.335 autotest: AUTOTEST uitext probe16: ink=822 bboxW=109 measure=110
07:23:58.336 autotest: AUTOTEST uitext probe18: ink=1031 bboxW=126 measure=127
07:23:58.336 autotest: AUTOTEST uitext probe20: ink=1272 bboxW=139 measure=140
07:23:58.336 autotest: AUTOTEST uitext rendered-pixel law: OK
07:23:58.336 autotest: AUTOTEST uitext: PASS
07:23:58.336 autotest: AUTOTEST uitext nbr house=1 name=
07:23:58.337 autotest: AUTOTEST uitext nbr house=2 name=
07:23:58.337 autotest: AUTOTEST uitext nbr house=3 name=
07:23:58.337 autotest: AUTOTEST uitext nbr house=4 name=
07:23:58.337 autotest: AUTOTEST uitext nbr house=5 name=
07:23:58.337 autotest: AUTOTEST uitext nbr house=6 name=
07:23:58.337 autotest: AUTOTEST uitext nbr house=7 name=
07:23:58.337 autotest: AUTOTEST uitext nbr house=8 name=
07:23:58.340 autotest: AUTOTEST visual-fixture uisurvey suppressed-preexisting-dialogs=2 tracked=2 vm-state-preserved=True
07:23:58.503 autotest: AUTOTEST uisurvey dump live 1024x768 -> /Users/nathannoom/Documents/Simitone/uisurvey-live.png
07:23:58.634 autotest: AUTOTEST uisurvey dump live-popup 1024x768 -> /Users/nathannoom/Documents/Simitone/uisurvey-live-popup.png
07:23:58.738 autotest: AUTOTEST uisurvey dump live-social-popup 1024x768 -> /Users/nathannoom/Documents/Simitone/uisurvey-live-social-popup.png
07:23:58.847 autotest: AUTOTEST uisurvey dump job 1024x768 -> /Users/nathannoom/Documents/Simitone/uisurvey-job.png
07:23:58.956 autotest: AUTOTEST uisurvey dump job-popup 1024x768 -> /Users/nathannoom/Documents/Simitone/uisurvey-job-popup.png
07:23:59.065 autotest: AUTOTEST uisurvey dump job-skill-popup 1024x768 -> /Users/nathannoom/Documents/Simitone/uisurvey-job-skill-popup.png
07:23:59.137 autotest: AUTOTEST uisurvey dump reportcard 1024x768 -> /Users/nathannoom/Documents/Simitone/uisurvey-reportcard.png
07:23:59.209 autotest: AUTOTEST uisurvey dump dog-skills 1024x768 -> /Users/nathannoom/Documents/Simitone/uisurvey-dog-skills.png
07:23:59.279 autotest: AUTOTEST uisurvey dump cat-skills 1024x768 -> /Users/nathannoom/Documents/Simitone/uisurvey-cat-skills.png
07:23:59.351 autotest: AUTOTEST uisurvey dump fame 1024x768 -> /Users/nathannoom/Documents/Simitone/uisurvey-fame.png
07:23:59.424 autotest: AUTOTEST uisurvey dump personality 1024x768 -> /Users/nathannoom/Documents/Simitone/uisurvey-personality.png
07:23:59.491 autotest: AUTOTEST uisurvey dump personality-popup 1024x768 -> /Users/nathannoom/Documents/Simitone/uisurvey-personality-popup.png
07:23:59.563 autotest: AUTOTEST uisurvey dump relationship 1024x768 -> /Users/nathannoom/Documents/Simitone/uisurvey-relationship.png
07:23:59.631 autotest: AUTOTEST uisurvey dump relationship-popup 1024x768 -> /Users/nathannoom/Documents/Simitone/uisurvey-relationship-popup.png
07:23:59.702 autotest: AUTOTEST uisurvey dump house 1024x768 -> /Users/nathannoom/Documents/Simitone/uisurvey-house.png
07:23:59.770 autotest: AUTOTEST uisurvey dump house-popup 1024x768 -> /Users/nathannoom/Documents/Simitone/uisurvey-house-popup.png
07:23:59.771 uioriginal: IFF-mount original cpanel\Buttons\InterestTravel.bmp
07:23:59.772 uioriginal: IFF-mount original cpanel\Buttons\InterestViolence.bmp
07:23:59.772 uioriginal: IFF-mount original cpanel\Buttons\InterestPolitics.bmp
07:23:59.772 uioriginal: IFF-mount original cpanel\Buttons\InterestThe60s.bmp
07:23:59.772 uioriginal: IFF-mount original cpanel\Buttons\InterestWeather.bmp
07:23:59.774 uioriginal: IFF-mount original cpanel\Buttons\InterestSports.bmp
07:23:59.774 uioriginal: IFF-mount original cpanel\Buttons\InterestMusic.bmp
07:23:59.774 uioriginal: IFF-mount original cpanel\Buttons\InterestOutdoors.bmp
07:23:59.846 autotest: AUTOTEST uisurvey dump interest 1024x768 -> /Users/nathannoom/Documents/Simitone/uisurvey-interest.png
07:23:59.914 autotest: AUTOTEST uisurvey dump interest-popup 1024x768 -> /Users/nathannoom/Documents/Simitone/uisurvey-interest-popup.png
07:23:59.985 autotest: AUTOTEST uisurvey dump gift 1024x768 -> /Users/nathannoom/Documents/Simitone/uisurvey-gift.png
Failed to get Object ID: 0 (no resource)
07:24:00.059 autotest: AUTOTEST uisurvey dump gift-populated 1024x768 -> /Users/nathannoom/Documents/Simitone/uisurvey-gift-populated.png
07:24:00.125 autotest: AUTOTEST uisurvey dump gift-popup 1024x768 -> /Users/nathannoom/Documents/Simitone/uisurvey-gift-popup.png
07:24:00.200 autotest: AUTOTEST uisurvey dump ucp 1024x768 -> /Users/nathannoom/Documents/Simitone/uisurvey-ucp.png
07:24:00.277 autotest: AUTOTEST uisurvey dump camera 1024x768 -> /Users/nathannoom/Documents/Simitone/uisurvey-camera.png
07:24:00.348 autotest: AUTOTEST uisurvey dump camera-frame 1024x768 -> /Users/nathannoom/Documents/Simitone/uisurvey-camera-frame.png
07:24:00.419 autotest: AUTOTEST uisurvey dump camera-frame-hidden 1024x768 -> /Users/nathannoom/Documents/Simitone/uisurvey-camera-frame-hidden.png
07:24:00.503 autotest: AUTOTEST uisurvey dump buy 1024x768 -> /Users/nathannoom/Documents/Simitone/uisurvey-buy.png
07:24:00.506 autotest: AUTOTEST uisurvey buy-popup cell=8 lines=8 descChars=447 size={X:559 Y:171} ok=True
07:24:00.582 autotest: AUTOTEST uisurvey dump buy-popup 1024x768 -> /Users/nathannoom/Documents/Simitone/uisurvey-buy-popup.png
07:24:00.662 autotest: AUTOTEST uisurvey dump buy-query 1024x768 -> /Users/nathannoom/Documents/Simitone/uisurvey-buy-query.png
07:24:00.735 autotest: AUTOTEST uisurvey dump buy-query-hidden 1024x768 -> /Users/nathannoom/Documents/Simitone/uisurvey-buy-query-hidden.png
07:24:00.736 autotest: AUTOTEST uisurvey buy-query full=True hidden=True size={X:559 Y:235} fullH=235 y=-240 ok=True
07:24:00.810 autotest: AUTOTEST uisurvey dump build-terrain 1024x768 -> /Users/nathannoom/Documents/Simitone/uisurvey-build-terrain.png
07:24:00.884 autotest: AUTOTEST uisurvey dump build-water 1024x768 -> /Users/nathannoom/Documents/Simitone/uisurvey-build-water.png
07:24:00.958 autotest: AUTOTEST uisurvey dump build 1024x768 -> /Users/nathannoom/Documents/Simitone/uisurvey-build.png
07:24:01.030 autotest: AUTOTEST uisurvey dump build-wall 1024x768 -> /Users/nathannoom/Documents/Simitone/uisurvey-build-wall.png
07:24:01.106 autotest: AUTOTEST uisurvey dump roof 1024x768 -> /Users/nathannoom/Documents/Simitone/uisurvey-roof.png
07:24:01.187 autotest: AUTOTEST uisurvey dump expband 1024x768 -> /Users/nathannoom/Documents/Simitone/uisurvey-expband.png
07:24:01.263 autotest: AUTOTEST uisurvey dump studio-main 1024x768 -> /Users/nathannoom/Documents/Simitone/uisurvey-studio-main.png
07:24:01.337 autotest: AUTOTEST uisurvey dump magic-main 1024x768 -> /Users/nathannoom/Documents/Simitone/uisurvey-magic-main.png
07:24:01.337 autotest: AUTOTEST uisurvey terrain-extent meshTiles=2704 lot=52x52 center=16.5,0.6
07:24:01.337 autotest: AUTOTEST uisurvey zoom-diag useBackbuffer=True visible=True zoom=Near pzoom=1 bbscale=1
07:24:01.337 autotest: AUTOTEST uisurvey zoom-diag ppxBB=1024x768
07:24:01.338 autotest: AUTOTEST uisurvey zoom-diag ppxBB dark-sampled=1985/8108
07:24:01.338 autotest: AUTOTEST uisurvey-tree == state A: live panel open ==
07:24:01.338 autotest: AUTOTEST uisurvey-tree TS1GameScreen ABS=0,0 size=0x0
07:24:01.338 autotest: AUTOTEST uisurvey-tree   UILotControl ABS=0,0 size=0x0
07:24:01.339 autotest: AUTOTEST uisurvey-tree     UIInteractionQueue ABS=0,0 size=0x0
07:24:01.339 autotest: AUTOTEST uisurvey-tree     UILotControlTouchHelper ABS=0,0 size=0x0
07:24:01.339 autotest: AUTOTEST uisurvey-tree   UIContainer ABS=0,0 size=0x0
07:24:01.339 autotest: AUTOTEST uisurvey-tree   UISimitoneFrontend ABS=0,0 size=0x0
07:24:01.339 autotest: AUTOTEST uisurvey-tree     UIMainPanel ABS=220,668 size=0x0
07:24:01.339 autotest: AUTOTEST uisurvey-tree       UIImage ABS=220,668 size=804x100 tex=804x100
07:24:01.339 autotest: AUTOTEST uisurvey-tree       UIImage ABS=168,668 size=52x100 tex=52x100
07:24:01.339 autotest: AUTOTEST uisurvey-tree       UIOriginalPeopleChrome ABS=220,668 size=0x0
07:24:01.339 autotest: AUTOTEST uisurvey-tree         UIOriginalWebcamButton ABS=229,673 size=45x45 tex=1x1
07:24:01.339 autotest: AUTOTEST uisurvey-tree         UIOriginalWebcamButton ABS=274,673 size=45x45 tex=1x1
07:24:01.339 autotest: AUTOTEST uisurvey-tree         UIOriginalWebcamButton ABS=319,673 size=45x45 tex=1x1
07:24:01.340 autotest: AUTOTEST uisurvey-tree         UIOriginalWebcamButton ABS=364,673 size=45x45 tex=1x1
07:24:01.340 autotest: AUTOTEST uisurvey-tree         UIOriginalWebcamButton ABS=229,718 size=45x45 tex=1x1
07:24:01.340 autotest: AUTOTEST uisurvey-tree         UIOriginalWebcamButton ABS=274,718 size=45x45 tex=1x1
07:24:01.340 autotest: AUTOTEST uisurvey-tree         UIOriginalWebcamButton ABS=319,718 size=45x45 tex=1x1
07:24:01.340 autotest: AUTOTEST uisurvey-tree         UIOriginalWebcamButton ABS=364,718 size=45x45 tex=1x1
07:24:01.340 autotest: AUTOTEST uisurvey-tree         UIImage ABS=413,668 size=108x100 tex=108x100
07:24:01.340 autotest: AUTOTEST uisurvey-tree         UIOriginalTabButton ABS=422,699 size=32x39 tex=1x1
07:24:01.340 autotest: AUTOTEST uisurvey-tree         UIOriginalTabButton ABS=489,672 size=27x30 tex=1x1
07:24:01.340 autotest: AUTOTEST uisurvey-tree         UIOriginalTabButton ABS=489,703 size=27x30 tex=1x1
07:24:01.340 autotest: AUTOTEST uisurvey-tree         UIOriginalTabButton ABS=489,734 size=27x30 tex=1x1
07:24:01.340 autotest: AUTOTEST uisurvey-tree         UIOriginalTabButton ABS=457,703 size=27x30 tex=1x1
07:24:01.341 autotest: AUTOTEST uisurvey-tree         UIOriginalTabButton ABS=457,672 size=27x30 tex=1x1
07:24:01.341 autotest: AUTOTEST uisurvey-tree         UIOriginalTabButton ABS=457,734 size=27x30 tex=1x1
07:24:01.341 autotest: AUTOTEST uisurvey-tree       UICategorySwitcher ABS=368,668 size=0x0
07:24:01.341 autotest: AUTOTEST uisurvey-tree       UIMotiveSubpanel ABS=520,668 size=280x100
07:24:01.342 autotest: AUTOTEST uisurvey-tree         UIContainer ABS=520,668 size=0x0
07:24:01.342 autotest: AUTOTEST uisurvey-tree         UIOriginalText ABS=525,668 size=0x0
07:24:01.342 autotest: AUTOTEST uisurvey-tree         UIOriginalMotiveGauge ABS=520,689 size=100x20
07:24:01.342 autotest: AUTOTEST uisurvey-tree         UIOriginalMotiveGauge ABS=620,689 size=100x20
07:24:01.343 autotest: AUTOTEST uisurvey-tree         UIOriginalMotiveGauge ABS=520,708 size=100x20
07:24:01.343 autotest: AUTOTEST uisurvey-tree         UIOriginalMotiveGauge ABS=620,708 size=100x20
07:24:01.343 autotest: AUTOTEST uisurvey-tree         UIOriginalMotiveGauge ABS=520,727 size=100x20
07:24:01.343 autotest: AUTOTEST uisurvey-tree         UIOriginalMotiveGauge ABS=620,727 size=100x20
07:24:01.343 autotest: AUTOTEST uisurvey-tree         UIOriginalMotiveGauge ABS=520,746 size=100x20
07:24:01.343 autotest: AUTOTEST uisurvey-tree         UIOriginalMotiveGauge ABS=620,746 size=100x20
07:24:01.343 autotest: AUTOTEST uisurvey-tree     UIDesktopUCP ABS=0,585 size=220x183
07:24:01.343 autotest: AUTOTEST uisurvey-tree       UIContainer ABS=0,585 size=0x0
07:24:01.344 autotest: AUTOTEST uisurvey-tree       UIImage ABS=0,585 size=220x183 tex=220x183
07:24:01.344 autotest: AUTOTEST uisurvey-tree       UIImage ABS=7,615 size=213x153 tex=213x153
07:24:01.344 autotest: AUTOTEST uisurvey-tree       UIButton ABS=10,591 size=50x50 tex=200x50
07:24:01.344 autotest: AUTOTEST uisurvey-tree       UIButton ABS=69,605 size=45x47 tex=180x47
07:24:01.344 autotest: AUTOTEST uisurvey-tree       UIButton ABS=117,630 size=39x39 tex=156x39
07:24:01.344 autotest: AUTOTEST uisurvey-tree       UIButton ABS=193,710 size=23x23 tex=92x23
07:24:01.344 autotest: AUTOTEST uisurvey-tree       UIButton ABS=175,680 size=29x29 tex=116x29
07:24:01.344 autotest: AUTOTEST uisurvey-tree       UIOriginalNavbarButton ABS=26,690 size=27x27 tex=108x27
07:24:01.344 autotest: AUTOTEST uisurvey-tree       UIOriginalNavbarButton ABS=26,734 size=27x27 tex=108x27
07:24:01.344 autotest: AUTOTEST uisurvey-tree       UIOriginalNavbarButton ABS=9,712 size=27x27 tex=108x27
07:24:01.344 autotest: AUTOTEST uisurvey-tree       UIOriginalNavbarButton ABS=43,712 size=27x27 tex=108x27
07:24:01.344 autotest: AUTOTEST uisurvey-tree       UIOriginalNavbarButton ABS=32,663 size=22x19 tex=88x19
07:24:01.345 autotest: AUTOTEST uisurvey-tree       UIOriginalNavbarButton ABS=56,665 size=21x21 tex=84x21
07:24:01.345 autotest: AUTOTEST uisurvey-tree       UIOriginalNavbarButton ABS=80,670 size=21x21 tex=84x21
07:24:01.345 autotest: AUTOTEST uisurvey-tree       UIOriginalNavbarButton ABS=103,680 size=22x15 tex=88x15
07:24:01.345 autotest: AUTOTEST uisurvey-tree       UIOriginalNavbarButton ABS=5,677 size=22x15 tex=88x15
07:24:01.345 autotest: AUTOTEST uisurvey-tree       UIOriginalNavbarButton ABS=5,662 size=21x11 tex=84x11
07:24:01.345 autotest: AUTOTEST uisurvey-tree       UIOriginalNavbarButton ABS=85,720 size=15x15 tex=60x30
07:24:01.345 autotest: AUTOTEST uisurvey-tree       UIOriginalNavbarButton ABS=105,720 size=11x15 tex=44x15
07:24:01.345 autotest: AUTOTEST uisurvey-tree       UIOriginalNavbarButton ABS=120,720 size=20x15 tex=80x15
07:24:01.345 autotest: AUTOTEST uisurvey-tree       UIOriginalNavbarButton ABS=141,720 size=32x15 tex=128x15
07:24:01.345 autotest: AUTOTEST uisurvey-tree       UIOriginalNavbarButton ABS=5,749 size=10x15 tex=40x15
07:24:01.345 autotest: AUTOTEST uisurvey-tree       UIOriginalText ABS=162,743 size=0x0
07:24:01.345 autotest: AUTOTEST uisurvey-tree       UIOriginalText ABS=97,703 size=0x0
07:24:01.345 autotest: AUTOTEST uisurvey-tree       UIOriginalText ABS=97,743 size=8x19
07:24:01.346 autotest: AUTOTEST uisurvey-tree       UIOriginalSpeechBalloon ABS=156,709 size=0x0
07:24:01.346 autotest: AUTOTEST uisurvey-tree         UIOriginalText ABS=162,713 size=0x0
07:24:01.346 autotest: AUTOTEST uisurvey-tree   UIOriginalPauseLabel ABS=0,0 size=0x0
07:24:01.346 autotest: AUTOTEST uisurvey-tree   UIOriginalTutorial ABS=0,0 size=0x0
07:24:01.346 autotest: AUTOTEST uisurvey-tree   UIBlocker ABS=0,0 size=0x0
07:24:01.346 autotest: AUTOTEST uisurvey-tree == state A1: motive live popup ==
07:24:01.346 autotest: AUTOTEST uisurvey-tree TS1GameScreen ABS=0,0 size=0x0
07:24:01.346 autotest: AUTOTEST uisurvey-tree   UILotControl ABS=0,0 size=0x0
07:24:01.346 autotest: AUTOTEST uisurvey-tree     UIInteractionQueue ABS=0,0 size=0x0
07:24:01.346 autotest: AUTOTEST uisurvey-tree     UILotControlTouchHelper ABS=0,0 size=0x0
07:24:01.346 autotest: AUTOTEST uisurvey-tree   UIContainer ABS=0,0 size=0x0
07:24:01.346 autotest: AUTOTEST uisurvey-tree   UISimitoneFrontend ABS=0,0 size=0x0
07:24:01.347 autotest: AUTOTEST uisurvey-tree     UIMainPanel ABS=220,668 size=0x0
07:24:01.347 autotest: AUTOTEST uisurvey-tree       UIImage ABS=220,668 size=804x100 tex=804x100
07:24:01.347 autotest: AUTOTEST uisurvey-tree       UIImage ABS=168,668 size=52x100 tex=52x100
07:24:01.347 autotest: AUTOTEST uisurvey-tree       UIOriginalPeopleChrome ABS=220,668 size=0x0
07:24:01.347 autotest: AUTOTEST uisurvey-tree         UIOriginalWebcamButton ABS=229,673 size=45x45 tex=1x1
07:24:01.347 autotest: AUTOTEST uisurvey-tree         UIOriginalWebcamButton ABS=274,673 size=45x45 tex=1x1
07:24:01.347 autotest: AUTOTEST uisurvey-tree         UIOriginalWebcamButton ABS=319,673 size=45x45 tex=1x1
07:24:01.347 autotest: AUTOTEST uisurvey-tree         UIOriginalWebcamButton ABS=364,673 size=45x45 tex=1x1
07:24:01.347 autotest: AUTOTEST uisurvey-tree         UIOriginalWebcamButton ABS=229,718 size=45x45 tex=1x1
07:24:01.347 autotest: AUTOTEST uisurvey-tree         UIOriginalWebcamButton ABS=274,718 size=45x45 tex=1x1
07:24:01.347 autotest: AUTOTEST uisurvey-tree         UIOriginalWebcamButton ABS=319,718 size=45x45 tex=1x1
07:24:01.347 autotest: AUTOTEST uisurvey-tree         UIOriginalWebcamButton ABS=364,718 size=45x45 tex=1x1
07:24:01.348 autotest: AUTOTEST uisurvey-tree         UIImage ABS=413,668 size=108x100 tex=108x100
07:24:01.348 autotest: AUTOTEST uisurvey-tree         UIOriginalTabButton ABS=422,699 size=32x39 tex=1x1
07:24:01.348 autotest: AUTOTEST uisurvey-tree         UIOriginalTabButton ABS=489,672 size=27x30 tex=1x1
07:24:01.348 autotest: AUTOTEST uisurvey-tree         UIOriginalTabButton ABS=489,703 size=27x30 tex=1x1
07:24:01.348 autotest: AUTOTEST uisurvey-tree         UIOriginalTabButton ABS=489,734 size=27x30 tex=1x1
07:24:01.348 autotest: AUTOTEST uisurvey-tree         UIOriginalTabButton ABS=457,703 size=27x30 tex=1x1
07:24:01.348 autotest: AUTOTEST uisurvey-tree         UIOriginalTabButton ABS=457,672 size=27x30 tex=1x1
07:24:01.348 autotest: AUTOTEST uisurvey-tree         UIOriginalTabButton ABS=457,734 size=27x30 tex=1x1
07:24:01.348 autotest: AUTOTEST uisurvey-tree       UICategorySwitcher ABS=368,668 size=0x0
07:24:01.348 autotest: AUTOTEST uisurvey-tree       UIMotiveSubpanel ABS=520,668 size=280x100
07:24:01.348 autotest: AUTOTEST uisurvey-tree         UIContainer ABS=520,668 size=0x0
07:24:01.348 autotest: AUTOTEST uisurvey-tree         UIOriginalText ABS=525,668 size=0x0
07:24:01.348 autotest: AUTOTEST uisurvey-tree         UIOriginalMotiveGauge ABS=520,689 size=100x20
07:24:01.349 autotest: AUTOTEST uisurvey-tree         UIOriginalMotiveGauge ABS=620,689 size=100x20
07:24:01.349 autotest: AUTOTEST uisurvey-tree         UIOriginalMotiveGauge ABS=520,708 size=100x20
07:24:01.349 autotest: AUTOTEST uisurvey-tree         UIOriginalMotiveGauge ABS=620,708 size=100x20
07:24:01.349 autotest: AUTOTEST uisurvey-tree         UIOriginalMotiveGauge ABS=520,727 size=100x20
07:24:01.349 autotest: AUTOTEST uisurvey-tree         UIOriginalMotiveGauge ABS=620,727 size=100x20
07:24:01.349 autotest: AUTOTEST uisurvey-tree         UIOriginalMotiveGauge ABS=520,746 size=100x20
07:24:01.349 autotest: AUTOTEST uisurvey-tree         UIOriginalMotiveGauge ABS=620,746 size=100x20
07:24:01.349 autotest: AUTOTEST uisurvey-tree     UIDesktopUCP ABS=0,585 size=220x183
07:24:01.349 autotest: AUTOTEST uisurvey-tree       UIContainer ABS=0,585 size=0x0
07:24:01.349 autotest: AUTOTEST uisurvey-tree       UIImage ABS=0,585 size=220x183 tex=220x183
07:24:01.349 autotest: AUTOTEST uisurvey-tree       UIImage ABS=7,615 size=213x153 tex=213x153
07:24:01.350 autotest: AUTOTEST uisurvey-tree       UIButton ABS=10,591 size=50x50 tex=200x50
07:24:01.350 autotest: AUTOTEST uisurvey-tree       UIButton ABS=69,605 size=45x47 tex=180x47
07:24:01.350 autotest: AUTOTEST uisurvey-tree       UIButton ABS=117,630 size=39x39 tex=156x39
07:24:01.350 autotest: AUTOTEST uisurvey-tree       UIButton ABS=193,710 size=23x23 tex=92x23
07:24:01.350 autotest: AUTOTEST uisurvey-tree       UIButton ABS=175,680 size=29x29 tex=116x29
07:24:01.350 autotest: AUTOTEST uisurvey-tree       UIOriginalNavbarButton ABS=26,690 size=27x27 tex=108x27
07:24:01.350 autotest: AUTOTEST uisurvey-tree       UIOriginalNavbarButton ABS=26,734 size=27x27 tex=108x27
07:24:01.350 autotest: AUTOTEST uisurvey-tree       UIOriginalNavbarButton ABS=9,712 size=27x27 tex=108x27
07:24:01.350 autotest: AUTOTEST uisurvey-tree       UIOriginalNavbarButton ABS=43,712 size=27x27 tex=108x27
07:24:01.350 autotest: AUTOTEST uisurvey-tree       UIOriginalNavbarButton ABS=32,663 size=22x19 tex=88x19
07:24:01.350 autotest: AUTOTEST uisurvey-tree       UIOriginalNavbarButton ABS=56,665 size=21x21 tex=84x21
07:24:01.351 autotest: AUTOTEST uisurvey-tree       UIOriginalNavbarButton ABS=80,670 size=21x21 tex=84x21
07:24:01.351 autotest: AUTOTEST uisurvey-tree       UIOriginalNavbarButton ABS=103,680 size=22x15 tex=88x15
07:24:01.351 autotest: AUTOTEST uisurvey-tree       UIOriginalNavbarButton ABS=5,677 size=22x15 tex=88x15
07:24:01.351 autotest: AUTOTEST uisurvey-tree       UIOriginalNavbarButton ABS=5,662 size=21x11 tex=84x11
07:24:01.351 autotest: AUTOTEST uisurvey-tree       UIOriginalNavbarButton ABS=85,720 size=15x15 tex=60x30
07:24:01.351 autotest: AUTOTEST uisurvey-tree       UIOriginalNavbarButton ABS=105,720 size=11x15 tex=44x15
07:24:01.351 autotest: AUTOTEST uisurvey-tree       UIOriginalNavbarButton ABS=120,720 size=20x15 tex=80x15
07:24:01.351 autotest: AUTOTEST uisurvey-tree       UIOriginalNavbarButton ABS=141,720 size=32x15 tex=128x15
07:24:01.351 autotest: AUTOTEST uisurvey-tree       UIOriginalNavbarButton ABS=5,749 size=10x15 tex=40x15
07:24:01.351 autotest: AUTOTEST uisurvey-tree       UIOriginalText ABS=162,743 size=0x0
07:24:01.352 autotest: AUTOTEST uisurvey-tree       UIOriginalText ABS=97,703 size=0x0
07:24:01.352 autotest: AUTOTEST uisurvey-tree       UIOriginalText ABS=97,743 size=8x19
07:24:01.352 autotest: AUTOTEST uisurvey-tree       UIOriginalSpeechBalloon ABS=156,709 size=0x0
07:24:01.352 autotest: AUTOTEST uisurvey-tree         UIOriginalText ABS=162,713 size=0x0
07:24:01.352 autotest: AUTOTEST uisurvey-tree   UIOriginalPauseLabel ABS=0,0 size=0x0
07:24:01.352 autotest: AUTOTEST uisurvey-tree   UIOriginalTutorial ABS=0,0 size=0x0
07:24:01.352 autotest: AUTOTEST uisurvey-tree   UIBlocker ABS=0,0 size=0x0
07:24:01.352 autotest: AUTOTEST uisurvey-tree == state A1b: text-only Social motive popup ==
07:24:01.352 autotest: AUTOTEST uisurvey-tree TS1GameScreen ABS=0,0 size=0x0
07:24:01.352 autotest: AUTOTEST uisurvey-tree   UILotControl ABS=0,0 size=0x0
07:24:01.352 autotest: AUTOTEST uisurvey-tree     UIInteractionQueue ABS=0,0 size=0x0
07:24:01.352 autotest: AUTOTEST uisurvey-tree     UILotControlTouchHelper ABS=0,0 size=0x0
07:24:01.353 autotest: AUTOTEST uisurvey-tree   UIContainer ABS=0,0 size=0x0
07:24:01.353 autotest: AUTOTEST uisurvey-tree   UISimitoneFrontend ABS=0,0 size=0x0
07:24:01.353 autotest: AUTOTEST uisurvey-tree     UIMainPanel ABS=220,668 size=0x0
07:24:01.353 autotest: AUTOTEST uisurvey-tree       UIImage ABS=220,668 size=804x100 tex=804x100
07:24:01.353 autotest: AUTOTEST uisurvey-tree       UIImage ABS=168,668 size=52x100 tex=52x100
07:24:01.353 autotest: AUTOTEST uisurvey-tree       UIOriginalPeopleChrome ABS=220,668 size=0x0
07:24:01.353 autotest: AUTOTEST uisurvey-tree         UIOriginalWebcamButton ABS=229,673 size=45x45 tex=1x1
07:24:01.353 autotest: AUTOTEST uisurvey-tree         UIOriginalWebcamButton ABS=274,673 size=45x45 tex=1x1
07:24:01.353 autotest: AUTOTEST uisurvey-tree         UIOriginalWebcamButton ABS=319,673 size=45x45 tex=1x1
07:24:01.353 autotest: AUTOTEST uisurvey-tree         UIOriginalWebcamButton ABS=364,673 size=45x45 tex=1x1
07:24:01.353 autotest: AUTOTEST uisurvey-tree         UIOriginalWebcamButton ABS=229,718 size=45x45 tex=1x1
07:24:01.353 autotest: AUTOTEST uisurvey-tree         UIOriginalWebcamButton ABS=274,718 size=45x45 tex=1x1
07:24:01.354 autotest: AUTOTEST uisurvey-tree         UIOriginalWebcamButton ABS=319,718 size=45x45 tex=1x1
07:24:01.354 autotest: AUTOTEST uisurvey-tree         UIOriginalWebcamButton ABS=364,718 size=45x45 tex=1x1
07:24:01.354 autotest: AUTOTEST uisurvey-tree         UIImage ABS=413,668 size=108x100 tex=108x100
07:24:01.354 autotest: AUTOTEST uisurvey-tree         UIOriginalTabButton ABS=422,699 size=32x39 tex=1x1
07:24:01.354 autotest: AUTOTEST uisurvey-tree         UIOriginalTabButton ABS=489,672 size=27x30 tex=1x1
07:24:01.354 autotest: AUTOTEST uisurvey-tree         UIOriginalTabButton ABS=489,703 size=27x30 tex=1x1
07:24:01.354 autotest: AUTOTEST uisurvey-tree         UIOriginalTabButton ABS=489,734 size=27x30 tex=1x1
07:24:01.354 autotest: AUTOTEST uisurvey-tree         UIOriginalTabButton ABS=457,703 size=27x30 tex=1x1
07:24:01.354 autotest: AUTOTEST uisurvey-tree         UIOriginalTabButton ABS=457,672 size=27x30 tex=1x1
07:24:01.354 autotest: AUTOTEST uisurvey-tree         UIOriginalTabButton ABS=457,734 size=27x30 tex=1x1
07:24:01.355 autotest: AUTOTEST uisurvey-tree       UICategorySwitcher ABS=368,668 size=0x0
07:24:01.355 autotest: AUTOTEST uisurvey-tree       UIMotiveSubpanel ABS=520,668 size=280x100
07:24:01.355 autotest: AUTOTEST uisurvey-tree         UIContainer ABS=520,668 size=0x0
07:24:01.355 autotest: AUTOTEST uisurvey-tree         UIOriginalText ABS=525,668 size=0x0
07:24:01.355 autotest: AUTOTEST uisurvey-tree         UIOriginalMotiveGauge ABS=520,689 size=100x20
07:24:01.355 autotest: AUTOTEST uisurvey-tree         UIOriginalMotiveGauge ABS=620,689 size=100x20
07:24:01.355 autotest: AUTOTEST uisurvey-tree         UIOriginalMotiveGauge ABS=520,708 size=100x20
07:24:01.355 autotest: AUTOTEST uisurvey-tree         UIOriginalMotiveGauge ABS=620,708 size=100x20
07:24:01.355 autotest: AUTOTEST uisurvey-tree         UIOriginalMotiveGauge ABS=520,727 size=100x20
07:24:01.355 autotest: AUTOTEST uisurvey-tree         UIOriginalMotiveGauge ABS=620,727 size=100x20
07:24:01.355 autotest: AUTOTEST uisurvey-tree         UIOriginalMotiveGauge ABS=520,746 size=100x20
07:24:01.356 autotest: AUTOTEST uisurvey-tree         UIOriginalMotiveGauge ABS=620,746 size=100x20
07:24:01.356 autotest: AUTOTEST uisurvey-tree     UIDesktopUCP ABS=0,585 size=220x183
07:24:01.356 autotest: AUTOTEST uisurvey-tree       UIContainer ABS=0,585 size=0x0
07:24:01.356 autotest: AUTOTEST uisurvey-tree       UIImage ABS=0,585 size=220x183 tex=220x183
07:24:01.356 autotest: AUTOTEST uisurvey-tree       UIImage ABS=7,615 size=213x153 tex=213x153
07:24:01.356 autotest: AUTOTEST uisurvey-tree       UIButton ABS=10,591 size=50x50 tex=200x50
07:24:01.356 autotest: AUTOTEST uisurvey-tree       UIButton ABS=69,605 size=45x47 tex=180x47
07:24:01.356 autotest: AUTOTEST uisurvey-tree       UIButton ABS=117,630 size=39x39 tex=156x39
07:24:01.356 autotest: AUTOTEST uisurvey-tree       UIButton ABS=193,710 size=23x23 tex=92x23
07:24:01.356 autotest: AUTOTEST uisurvey-tree       UIButton ABS=175,680 size=29x29 tex=116x29
07:24:01.356 autotest: AUTOTEST uisurvey-tree       UIOriginalNavbarButton ABS=26,690 size=27x27 tex=108x27
07:24:01.356 autotest: AUTOTEST uisurvey-tree       UIOriginalNavbarButton ABS=26,734 size=27x27 tex=108x27
07:24:01.357 autotest: AUTOTEST uisurvey-tree       UIOriginalNavbarButton ABS=9,712 size=27x27 tex=108x27
07:24:01.357 autotest: AUTOTEST uisurvey-tree       UIOriginalNavbarButton ABS=43,712 size=27x27 tex=108x27
07:24:01.357 autotest: AUTOTEST uisurvey-tree       UIOriginalNavbarButton ABS=32,663 size=22x19 tex=88x19
07:24:01.357 autotest: AUTOTEST uisurvey-tree       UIOriginalNavbarButton ABS=56,665 size=21x21 tex=84x21
07:24:01.357 autotest: AUTOTEST uisurvey-tree       UIOriginalNavbarButton ABS=80,670 size=21x21 tex=84x21
07:24:01.357 autotest: AUTOTEST uisurvey-tree       UIOriginalNavbarButton ABS=103,680 size=22x15 tex=88x15
07:24:01.357 autotest: AUTOTEST uisurvey-tree       UIOriginalNavbarButton ABS=5,677 size=22x15 tex=88x15
07:24:01.357 autotest: AUTOTEST uisurvey-tree       UIOriginalNavbarButton ABS=5,662 size=21x11 tex=84x11
07:24:01.357 autotest: AUTOTEST uisurvey-tree       UIOriginalNavbarButton ABS=85,720 size=15x15 tex=60x30
07:24:01.357 autotest: AUTOTEST uisurvey-tree       UIOriginalNavbarButton ABS=105,720 size=11x15 tex=44x15
07:24:01.357 autotest: AUTOTEST uisurvey-tree       UIOriginalNavbarButton ABS=120,720 size=20x15 tex=80x15
07:24:01.357 autotest: AUTOTEST uisurvey-tree       UIOriginalNavbarButton ABS=141,720 size=32x15 tex=128x15
07:24:01.357 autotest: AUTOTEST uisurvey-tree       UIOriginalNavbarButton ABS=5,749 size=10x15 tex=40x15
07:24:01.358 autotest: AUTOTEST uisurvey-tree       UIOriginalText ABS=162,743 size=0x0
07:24:01.358 autotest: AUTOTEST uisurvey-tree       UIOriginalText ABS=97,703 size=0x0
07:24:01.358 autotest: AUTOTEST uisurvey-tree       UIOriginalText ABS=97,743 size=8x19
07:24:01.358 autotest: AUTOTEST uisurvey-tree       UIOriginalSpeechBalloon ABS=156,709 size=0x0
07:24:01.358 autotest: AUTOTEST uisurvey-tree         UIOriginalText ABS=162,713 size=0x0
07:24:01.358 autotest: AUTOTEST uisurvey-tree   UIOriginalPauseLabel ABS=0,0 size=0x0
07:24:01.358 autotest: AUTOTEST uisurvey-tree   UIOriginalTutorial ABS=0,0 size=0x0
07:24:01.358 autotest: AUTOTEST uisurvey-tree   UIBlocker ABS=0,0 size=0x0
07:24:01.358 autotest: AUTOTEST uisurvey-tree == state A2: live job panel ==
07:24:01.358 autotest: AUTOTEST uisurvey-tree TS1GameScreen ABS=0,0 size=0x0
07:24:01.358 autotest: AUTOTEST uisurvey-tree   UILotControl ABS=0,0 size=0x0
07:24:01.358 autotest: AUTOTEST uisurvey-tree     UIInteractionQueue ABS=0,0 size=0x0
07:24:01.358 autotest: AUTOTEST uisurvey-tree     UILotControlTouchHelper ABS=0,0 size=0x0
07:24:01.359 autotest: AUTOTEST uisurvey-tree   UIContainer ABS=0,0 size=0x0
07:24:01.359 autotest: AUTOTEST uisurvey-tree   UISimitoneFrontend ABS=0,0 size=0x0
07:24:01.359 autotest: AUTOTEST uisurvey-tree     UIMainPanel ABS=220,668 size=0x0
07:24:01.359 autotest: AUTOTEST uisurvey-tree       UIImage ABS=220,668 size=804x100 tex=804x100
07:24:01.359 autotest: AUTOTEST uisurvey-tree       UIImage ABS=168,668 size=52x100 tex=52x100
07:24:01.359 autotest: AUTOTEST uisurvey-tree       UIOriginalPeopleChrome ABS=220,668 size=0x0
07:24:01.359 autotest: AUTOTEST uisurvey-tree         UIOriginalWebcamButton ABS=229,673 size=45x45 tex=1x1
07:24:01.359 autotest: AUTOTEST uisurvey-tree         UIOriginalWebcamButton ABS=274,673 size=45x45 tex=1x1
07:24:01.359 autotest: AUTOTEST uisurvey-tree         UIOriginalWebcamButton ABS=319,673 size=45x45 tex=1x1
07:24:01.359 autotest: AUTOTEST uisurvey-tree         UIOriginalWebcamButton ABS=364,673 size=45x45 tex=1x1
07:24:01.359 autotest: AUTOTEST uisurvey-tree         UIOriginalWebcamButton ABS=229,718 size=45x45 tex=1x1
07:24:01.360 autotest: AUTOTEST uisurvey-tree         UIOriginalWebcamButton ABS=274,718 size=45x45 tex=1x1
07:24:01.360 autotest: AUTOTEST uisurvey-tree         UIOriginalWebcamButton ABS=319,718 size=45x45 tex=1x1
07:24:01.360 autotest: AUTOTEST uisurvey-tree         UIOriginalWebcamButton ABS=364,718 size=45x45 tex=1x1
07:24:01.360 autotest: AUTOTEST uisurvey-tree         UIImage ABS=413,668 size=108x100 tex=108x100
07:24:01.360 autotest: AUTOTEST uisurvey-tree         UIOriginalTabButton ABS=422,699 size=32x39 tex=1x1
07:24:01.360 autotest: AUTOTEST uisurvey-tree         UIOriginalTabButton ABS=489,672 size=27x30 tex=1x1
07:24:01.360 autotest: AUTOTEST uisurvey-tree         UIOriginalTabButton ABS=489,703 size=27x30 tex=1x1
07:24:01.360 autotest: AUTOTEST uisurvey-tree         UIOriginalTabButton ABS=489,734 size=27x30 tex=1x1
07:24:01.360 autotest: AUTOTEST uisurvey-tree         UIOriginalTabButton ABS=457,703 size=27x30 tex=1x1
07:24:01.360 autotest: AUTOTEST uisurvey-tree         UIOriginalTabButton ABS=457,672 size=27x30 tex=1x1
07:24:01.360 autotest: AUTOTEST uisurvey-tree         UIOriginalTabButton ABS=457,734 size=27x30 tex=1x1
07:24:01.360 autotest: AUTOTEST uisurvey-tree       UICategorySwitcher ABS=368,668 size=0x0
07:24:01.360 autotest: AUTOTEST uisurvey-tree       UIJobSubpanel ABS=520,668 size=504x100
07:24:01.361 autotest: AUTOTEST uisurvey-tree         UIContainer ABS=520,668 size=0x0
07:24:01.361 autotest: AUTOTEST uisurvey-tree         UIOriginalRatingBar ABS=540,734 size=0x0
07:24:01.361 autotest: AUTOTEST uisurvey-tree         UIButton ABS=523,672 size=28x22 tex=112x22
07:24:01.361 autotest: AUTOTEST uisurvey-tree         UIImage ABS=523,713 size=13x11 tex=13x11
07:24:01.361 autotest: AUTOTEST uisurvey-tree         UIImage ABS=523,733 size=13x12 tex=13x12
07:24:01.361 autotest: AUTOTEST uisurvey-tree         UIImage ABS=523,753 size=10x11 tex=10x11
07:24:01.361 autotest: AUTOTEST uisurvey-tree         UIOriginalCaptionControl ABS=540,753 size=0x0
07:24:01.361 autotest: AUTOTEST uisurvey-tree         UIJobSkillBar ABS=677,675 size=40x11
07:24:01.361 autotest: AUTOTEST uisurvey-tree         UIJobSkillBar ABS=677,690 size=40x11
07:24:01.361 autotest: AUTOTEST uisurvey-tree         UIJobSkillBar ABS=677,705 size=40x11
07:24:01.361 autotest: AUTOTEST uisurvey-tree         UIJobSkillBar ABS=677,720 size=40x11
07:24:01.361 autotest: AUTOTEST uisurvey-tree         UIJobSkillBar ABS=677,735 size=40x11
07:24:01.361 autotest: AUTOTEST uisurvey-tree         UIJobSkillBar ABS=677,750 size=40x11
07:24:01.362 autotest: AUTOTEST uisurvey-tree         UIOriginalCaptionControl ABS=613,674 size=62x16
07:24:01.362 autotest: AUTOTEST uisurvey-tree         UIOriginalCaptionControl ABS=613,689 size=62x16
07:24:01.362 autotest: AUTOTEST uisurvey-tree         UIOriginalCaptionControl ABS=613,704 size=62x16
07:24:01.362 autotest: AUTOTEST uisurvey-tree         UIOriginalCaptionControl ABS=613,719 size=62x16
07:24:01.362 autotest: AUTOTEST uisurvey-tree         UIOriginalCaptionControl ABS=613,734 size=62x16
07:24:01.362 autotest: AUTOTEST uisurvey-tree         UIOriginalCaptionControl ABS=613,749 size=62x16
07:24:01.362 autotest: AUTOTEST uisurvey-tree         UIJobCareerCaption ABS=523,694 size=95x23
07:24:01.362 autotest: AUTOTEST uisurvey-tree         UIOriginalCaptionControl ABS=540,713 size=0x0
07:24:01.362 autotest: AUTOTEST uisurvey-tree         UIJobPopupHitControl ABS=523,672 size=95x45
07:24:01.362 autotest: AUTOTEST uisurvey-tree         UIJobPopupHitControl ABS=523,713 size=95x15
07:24:01.363 autotest: AUTOTEST uisurvey-tree         UIJobPopupHitControl ABS=523,733 size=95x15
07:24:01.363 autotest: AUTOTEST uisurvey-tree         UIJobPopupHitControl ABS=523,753 size=95x15
07:24:01.363 autotest: AUTOTEST uisurvey-tree     UIDesktopUCP ABS=0,585 size=220x183
07:24:01.363 autotest: AUTOTEST uisurvey-tree       UIContainer ABS=0,585 size=0x0
07:24:01.363 autotest: AUTOTEST uisurvey-tree       UIImage ABS=0,585 size=220x183 tex=220x183
07:24:01.363 autotest: AUTOTEST uisurvey-tree       UIImage ABS=7,615 size=213x153 tex=213x153
07:24:01.363 autotest: AUTOTEST uisurvey-tree       UIButton ABS=10,591 size=50x50 tex=200x50
07:24:01.363 autotest: AUTOTEST uisurvey-tree       UIButton ABS=69,605 size=45x47 tex=180x47
07:24:01.363 autotest: AUTOTEST uisurvey-tree       UIButton ABS=117,630 size=39x39 tex=156x39
07:24:01.363 autotest: AUTOTEST uisurvey-tree       UIButton ABS=193,710 size=23x23 tex=92x23
07:24:01.363 autotest: AUTOTEST uisurvey-tree       UIButton ABS=175,680 size=29x29 tex=116x29
07:24:01.363 autotest: AUTOTEST uisurvey-tree       UIOriginalNavbarButton ABS=26,690 size=27x27 tex=108x27
07:24:01.364 autotest: AUTOTEST uisurvey-tree       UIOriginalNavbarButton ABS=26,734 size=27x27 tex=108x27
07:24:01.364 autotest: AUTOTEST uisurvey-tree       UIOriginalNavbarButton ABS=9,712 size=27x27 tex=108x27
07:24:01.364 autotest: AUTOTEST uisurvey-tree       UIOriginalNavbarButton ABS=43,712 size=27x27 tex=108x27
07:24:01.364 autotest: AUTOTEST uisurvey-tree       UIOriginalNavbarButton ABS=32,663 size=22x19 tex=88x19
07:24:01.364 autotest: AUTOTEST uisurvey-tree       UIOriginalNavbarButton ABS=56,665 size=21x21 tex=84x21
07:24:01.364 autotest: AUTOTEST uisurvey-tree       UIOriginalNavbarButton ABS=80,670 size=21x21 tex=84x21
07:24:01.364 autotest: AUTOTEST uisurvey-tree       UIOriginalNavbarButton ABS=103,680 size=22x15 tex=88x15
07:24:01.364 autotest: AUTOTEST uisurvey-tree       UIOriginalNavbarButton ABS=5,677 size=22x15 tex=88x15
07:24:01.364 autotest: AUTOTEST uisurvey-tree       UIOriginalNavbarButton ABS=5,662 size=21x11 tex=84x11
07:24:01.364 autotest: AUTOTEST uisurvey-tree       UIOriginalNavbarButton ABS=85,720 size=15x15 tex=60x30
07:24:01.364 autotest: AUTOTEST uisurvey-tree       UIOriginalNavbarButton ABS=105,720 size=11x15 tex=44x15
07:24:01.364 autotest: AUTOTEST uisurvey-tree       UIOriginalNavbarButton ABS=120,720 size=20x15 tex=80x15
07:24:01.364 autotest: AUTOTEST uisurvey-tree       UIOriginalNavbarButton ABS=141,720 size=32x15 tex=128x15
07:24:01.365 autotest: AUTOTEST uisurvey-tree       UIOriginalNavbarButton ABS=5,749 size=10x15 tex=40x15
07:24:01.365 autotest: AUTOTEST uisurvey-tree       UIOriginalText ABS=162,743 size=0x0
07:24:01.365 autotest: AUTOTEST uisurvey-tree       UIOriginalText ABS=97,703 size=0x0
07:24:01.365 autotest: AUTOTEST uisurvey-tree       UIOriginalText ABS=97,743 size=8x19
07:24:01.365 autotest: AUTOTEST uisurvey-tree       UIOriginalSpeechBalloon ABS=156,709 size=0x0
07:24:01.365 autotest: AUTOTEST uisurvey-tree         UIOriginalText ABS=162,713 size=0x0
07:24:01.365 autotest: AUTOTEST uisurvey-tree   UIOriginalPauseLabel ABS=0,0 size=0x0
07:24:01.365 autotest: AUTOTEST uisurvey-tree   UIOriginalTutorial ABS=0,0 size=0x0
07:24:01.365 autotest: AUTOTEST uisurvey-tree   UIBlocker ABS=0,0 size=0x0
07:24:01.365 autotest: AUTOTEST uisurvey-tree == state A2b: job live popup ==
07:24:01.365 autotest: AUTOTEST uisurvey-tree TS1GameScreen ABS=0,0 size=0x0
07:24:01.365 autotest: AUTOTEST uisurvey-tree   UILotControl ABS=0,0 size=0x0
07:24:01.365 autotest: AUTOTEST uisurvey-tree     UIInteractionQueue ABS=0,0 size=0x0
07:24:01.366 autotest: AUTOTEST uisurvey-tree     UILotControlTouchHelper ABS=0,0 size=0x0
07:24:01.366 autotest: AUTOTEST uisurvey-tree   UIContainer ABS=0,0 size=0x0
07:24:01.366 autotest: AUTOTEST uisurvey-tree   UISimitoneFrontend ABS=0,0 size=0x0
07:24:01.366 autotest: AUTOTEST uisurvey-tree     UIMainPanel ABS=220,668 size=0x0
07:24:01.366 autotest: AUTOTEST uisurvey-tree       UIImage ABS=220,668 size=804x100 tex=804x100
07:24:01.366 autotest: AUTOTEST uisurvey-tree       UIImage ABS=168,668 size=52x100 tex=52x100
07:24:01.366 autotest: AUTOTEST uisurvey-tree       UIOriginalPeopleChrome ABS=220,668 size=0x0
07:24:01.366 autotest: AUTOTEST uisurvey-tree         UIOriginalWebcamButton ABS=229,673 size=45x45 tex=1x1
07:24:01.366 autotest: AUTOTEST uisurvey-tree         UIOriginalWebcamButton ABS=274,673 size=45x45 tex=1x1
07:24:01.366 autotest: AUTOTEST uisurvey-tree         UIOriginalWebcamButton ABS=319,673 size=45x45 tex=1x1
07:24:01.366 autotest: AUTOTEST uisurvey-tree         UIOriginalWebcamButton ABS=364,673 size=45x45 tex=1x1
07:24:01.366 autotest: AUTOTEST uisurvey-tree         UIOriginalWebcamButton ABS=229,718 size=45x45 tex=1x1
07:24:01.367 autotest: AUTOTEST uisurvey-tree         UIOriginalWebcamButton ABS=274,718 size=45x45 tex=1x1
07:24:01.367 autotest: AUTOTEST uisurvey-tree         UIOriginalWebcamButton ABS=319,718 size=45x45 tex=1x1
07:24:01.367 autotest: AUTOTEST uisurvey-tree         UIOriginalWebcamButton ABS=364,718 size=45x45 tex=1x1
07:24:01.367 autotest: AUTOTEST uisurvey-tree         UIImage ABS=413,668 size=108x100 tex=108x100
07:24:01.367 autotest: AUTOTEST uisurvey-tree         UIOriginalTabButton ABS=422,699 size=32x39 tex=1x1
07:24:01.367 autotest: AUTOTEST uisurvey-tree         UIOriginalTabButton ABS=489,672 size=27x30 tex=1x1
07:24:01.367 autotest: AUTOTEST uisurvey-tree         UIOriginalTabButton ABS=489,703 size=27x30 tex=1x1
07:24:01.367 autotest: AUTOTEST uisurvey-tree         UIOriginalTabButton ABS=489,734 size=27x30 tex=1x1
07:24:01.367 autotest: AUTOTEST uisurvey-tree         UIOriginalTabButton ABS=457,703 size=27x30 tex=1x1
07:24:01.367 autotest: AUTOTEST uisurvey-tree         UIOriginalTabButton ABS=457,672 size=27x30 tex=1x1
07:24:01.367 autotest: AUTOTEST uisurvey-tree         UIOriginalTabButton ABS=457,734 size=27x30 tex=1x1
07:24:01.368 autotest: AUTOTEST uisurvey-tree       UICategorySwitcher ABS=368,668 size=0x0
07:24:01.368 autotest: AUTOTEST uisurvey-tree       UIJobSubpanel ABS=520,668 size=504x100
07:24:01.368 autotest: AUTOTEST uisurvey-tree         UIContainer ABS=520,668 size=0x0
07:24:01.368 autotest: AUTOTEST uisurvey-tree         UIOriginalRatingBar ABS=540,734 size=0x0
07:24:01.368 autotest: AUTOTEST uisurvey-tree         UIButton ABS=523,672 size=28x22 tex=112x22
07:24:01.368 autotest: AUTOTEST uisurvey-tree         UIImage ABS=523,713 size=13x11 tex=13x11
07:24:01.368 autotest: AUTOTEST uisurvey-tree         UIImage ABS=523,733 size=13x12 tex=13x12
07:24:01.368 autotest: AUTOTEST uisurvey-tree         UIImage ABS=523,753 size=10x11 tex=10x11
07:24:01.368 autotest: AUTOTEST uisurvey-tree         UIOriginalCaptionControl ABS=540,753 size=0x0
07:24:01.368 autotest: AUTOTEST uisurvey-tree         UIJobSkillBar ABS=677,675 size=40x11
07:24:01.368 autotest: AUTOTEST uisurvey-tree         UIJobSkillBar ABS=677,690 size=40x11
07:24:01.368 autotest: AUTOTEST uisurvey-tree         UIJobSkillBar ABS=677,705 size=40x11
07:24:01.368 autotest: AUTOTEST uisurvey-tree         UIJobSkillBar ABS=677,720 size=40x11
07:24:01.369 autotest: AUTOTEST uisurvey-tree         UIJobSkillBar ABS=677,735 size=40x11
07:24:01.369 autotest: AUTOTEST uisurvey-tree         UIJobSkillBar ABS=677,750 size=40x11
07:24:01.369 autotest: AUTOTEST uisurvey-tree         UIOriginalCaptionControl ABS=613,674 size=62x16
07:24:01.369 autotest: AUTOTEST uisurvey-tree         UIOriginalCaptionControl ABS=613,689 size=62x16
07:24:01.369 autotest: AUTOTEST uisurvey-tree         UIOriginalCaptionControl ABS=613,704 size=62x16
07:24:01.369 autotest: AUTOTEST uisurvey-tree         UIOriginalCaptionControl ABS=613,719 size=62x16
07:24:01.369 autotest: AUTOTEST uisurvey-tree         UIOriginalCaptionControl ABS=613,734 size=62x16
07:24:01.369 autotest: AUTOTEST uisurvey-tree         UIOriginalCaptionControl ABS=613,749 size=62x16
07:24:01.369 autotest: AUTOTEST uisurvey-tree         UIJobCareerCaption ABS=523,694 size=95x23
07:24:01.369 autotest: AUTOTEST uisurvey-tree         UIOriginalCaptionControl ABS=540,713 size=0x0
07:24:01.369 autotest: AUTOTEST uisurvey-tree         UIJobPopupHitControl ABS=523,672 size=95x45
07:24:01.369 autotest: AUTOTEST uisurvey-tree         UIJobPopupHitControl ABS=523,713 size=95x15
07:24:01.369 autotest: AUTOTEST uisurvey-tree         UIJobPopupHitControl ABS=523,733 size=95x15
07:24:01.370 autotest: AUTOTEST uisurvey-tree         UIJobPopupHitControl ABS=523,753 size=95x15
07:24:01.370 autotest: AUTOTEST uisurvey-tree     UIDesktopUCP ABS=0,585 size=220x183
07:24:01.370 autotest: AUTOTEST uisurvey-tree       UIContainer ABS=0,585 size=0x0
07:24:01.370 autotest: AUTOTEST uisurvey-tree       UIImage ABS=0,585 size=220x183 tex=220x183
07:24:01.370 autotest: AUTOTEST uisurvey-tree       UIImage ABS=7,615 size=213x153 tex=213x153
07:24:01.370 autotest: AUTOTEST uisurvey-tree       UIButton ABS=10,591 size=50x50 tex=200x50
07:24:01.370 autotest: AUTOTEST uisurvey-tree       UIButton ABS=69,605 size=45x47 tex=180x47
07:24:01.370 autotest: AUTOTEST uisurvey-tree       UIButton ABS=117,630 size=39x39 tex=156x39
07:24:01.370 autotest: AUTOTEST uisurvey-tree       UIButton ABS=193,710 size=23x23 tex=92x23
07:24:01.370 autotest: AUTOTEST uisurvey-tree       UIButton ABS=175,680 size=29x29 tex=116x29
07:24:01.370 autotest: AUTOTEST uisurvey-tree       UIOriginalNavbarButton ABS=26,690 size=27x27 tex=108x27
07:24:01.370 autotest: AUTOTEST uisurvey-tree       UIOriginalNavbarButton ABS=26,734 size=27x27 tex=108x27
07:24:01.370 autotest: AUTOTEST uisurvey-tree       UIOriginalNavbarButton ABS=9,712 size=27x27 tex=108x27
07:24:01.371 autotest: AUTOTEST uisurvey-tree       UIOriginalNavbarButton ABS=43,712 size=27x27 tex=108x27
07:24:01.371 autotest: AUTOTEST uisurvey-tree       UIOriginalNavbarButton ABS=32,663 size=22x19 tex=88x19
07:24:01.371 autotest: AUTOTEST uisurvey-tree       UIOriginalNavbarButton ABS=56,665 size=21x21 tex=84x21
07:24:01.371 autotest: AUTOTEST uisurvey-tree       UIOriginalNavbarButton ABS=80,670 size=21x21 tex=84x21
07:24:01.371 autotest: AUTOTEST uisurvey-tree       UIOriginalNavbarButton ABS=103,680 size=22x15 tex=88x15
07:24:01.371 autotest: AUTOTEST uisurvey-tree       UIOriginalNavbarButton ABS=5,677 size=22x15 tex=88x15
07:24:01.371 autotest: AUTOTEST uisurvey-tree       UIOriginalNavbarButton ABS=5,662 size=21x11 tex=84x11
07:24:01.371 autotest: AUTOTEST uisurvey-tree       UIOriginalNavbarButton ABS=85,720 size=15x15 tex=60x30
07:24:01.371 autotest: AUTOTEST uisurvey-tree       UIOriginalNavbarButton ABS=105,720 size=11x15 tex=44x15
07:24:01.371 autotest: AUTOTEST uisurvey-tree       UIOriginalNavbarButton ABS=120,720 size=20x15 tex=80x15
07:24:01.371 autotest: AUTOTEST uisurvey-tree       UIOriginalNavbarButton ABS=141,720 size=32x15 tex=128x15
07:24:01.371 autotest: AUTOTEST uisurvey-tree       UIOriginalNavbarButton ABS=5,749 size=10x15 tex=40x15
07:24:01.371 autotest: AUTOTEST uisurvey-tree       UIOriginalText ABS=162,743 size=0x0
07:24:01.372 autotest: AUTOTEST uisurvey-tree       UIOriginalText ABS=97,703 size=0x0
07:24:01.372 autotest: AUTOTEST uisurvey-tree       UIOriginalText ABS=97,743 size=8x19
07:24:01.372 autotest: AUTOTEST uisurvey-tree       UIOriginalSpeechBalloon ABS=156,709 size=0x0
07:24:01.372 autotest: AUTOTEST uisurvey-tree         UIOriginalText ABS=162,713 size=0x0
07:24:01.372 autotest: AUTOTEST uisurvey-tree   UIOriginalPauseLabel ABS=0,0 size=0x0
07:24:01.372 autotest: AUTOTEST uisurvey-tree   UIOriginalTutorial ABS=0,0 size=0x0
07:24:01.372 autotest: AUTOTEST uisurvey-tree   UIBlocker ABS=0,0 size=0x0
07:24:01.372 autotest: AUTOTEST uisurvey-tree == state A2c: two-selector Creativity popup ==
07:24:01.372 autotest: AUTOTEST uisurvey-tree TS1GameScreen ABS=0,0 size=0x0
07:24:01.372 autotest: AUTOTEST uisurvey-tree   UILotControl ABS=0,0 size=0x0
07:24:01.372 autotest: AUTOTEST uisurvey-tree     UIInteractionQueue ABS=0,0 size=0x0
07:24:01.372 autotest: AUTOTEST uisurvey-tree     UILotControlTouchHelper ABS=0,0 size=0x0
07:24:01.372 autotest: AUTOTEST uisurvey-tree   UIContainer ABS=0,0 size=0x0
07:24:01.373 autotest: AUTOTEST uisurvey-tree   UISimitoneFrontend ABS=0,0 size=0x0
07:24:01.373 autotest: AUTOTEST uisurvey-tree     UIMainPanel ABS=220,668 size=0x0
07:24:01.373 autotest: AUTOTEST uisurvey-tree       UIImage ABS=220,668 size=804x100 tex=804x100
07:24:01.373 autotest: AUTOTEST uisurvey-tree       UIImage ABS=168,668 size=52x100 tex=52x100
07:24:01.373 autotest: AUTOTEST uisurvey-tree       UIOriginalPeopleChrome ABS=220,668 size=0x0
07:24:01.373 autotest: AUTOTEST uisurvey-tree         UIOriginalWebcamButton ABS=229,673 size=45x45 tex=1x1
07:24:01.373 autotest: AUTOTEST uisurvey-tree         UIOriginalWebcamButton ABS=274,673 size=45x45 tex=1x1
07:24:01.373 autotest: AUTOTEST uisurvey-tree         UIOriginalWebcamButton ABS=319,673 size=45x45 tex=1x1
07:24:01.373 autotest: AUTOTEST uisurvey-tree         UIOriginalWebcamButton ABS=364,673 size=45x45 tex=1x1
07:24:01.373 autotest: AUTOTEST zoomlive ARM (baseline 30 frames, then far, then medium, then scroll)
07:24:01.373 autotest: AUTOTEST uisurvey: PASS
07:24:01.381 autotest: AUTOTEST uizoomcage Far tileHalf=16/8 cage |u|<=20 |v|<=4 lot=52
07:24:01.394 autotest: AUTOTEST uizoomcage Medium tileHalf=32/16 cage |u|<=36 |v|<=28 lot=52
07:24:01.399 autotest: AUTOTEST uizoomcage Near tileHalf=64/32 cage |u|<=44 |v|<=40 lot=52
07:24:01.400 autotest: AUTOTEST uizoomcage: PASS
07:24:01.403 autotest: AUTOTEST uicp original-plate+patches+buttons+speed-cluster: OK 
07:24:01.403 autotest: AUTOTEST uicp: PASS
07:24:01.406 autotest: AUTOTEST visual-fixture uidlgchrome suppressed-preexisting-dialogs=0 tracked=2 vm-state-preserved=True
07:24:01.484 autotest: AUTOTEST uisurvey dump dialog-no-image 1024x768 -> /Users/nathannoom/Documents/Simitone/uisurvey-dialog-no-image.png
07:24:01.568 autotest: AUTOTEST uisurvey dump dialog-empty 1024x768 -> /Users/nathannoom/Documents/Simitone/uisurvey-dialog-empty.png
07:24:01.569 uioriginal: IFF-mount original Other\TragedyMask.bmp
07:24:01.570 uioriginal: IFF-mount original cpanel\SimStub.bmp
07:24:01.654 autotest: AUTOTEST uisurvey dump dialog 1024x768 -> /Users/nathannoom/Documents/Simitone/uisurvey-dialog.png
07:24:01.729 autotest: AUTOTEST uisurvey dump dialog-congratulations 1024x768 -> /Users/nathannoom/Documents/Simitone/uisurvey-dialog-congratulations.png
07:24:01.729 uioriginal: IFF-mount original shared\sys\PieButt.bmp
07:24:01.730 autotest: AUTOTEST uidlgchrome original-dialog+pie canon: OK  productRoute=3/3;
07:24:01.730 autotest: AUTOTEST uidlgchrome: PASS
07:24:01.731 autotest: AUTOTEST uibargeom original-bar-composition: OK panel=220,668 back=804x100 bridge=52x100@168..220 sub=280x100@r800 peopleHit=8x45x45+32x39+6x27x30
07:24:01.732 autotest: AUTOTEST uibargeom: PASS
07:24:01.732 uioriginal: IFF-mount original other\QueueCancel.bmp
07:24:01.734 autotest: AUTOTEST uiqueuegeom original-action-queue: OK
07:24:01.734 autotest: AUTOTEST uiqueuegeom: PASS
07:24:01.738 uioriginal: IFF-mount original nbhd\CreateACharBack.BMP
07:24:01.740 uioriginal: IFF-mount original nbhd\DsgnFamBkg.bmp
07:24:01.741 uioriginal: IFF-mount original nbhd\PickBkg.bmp
07:24:01.742 uioriginal: IFF-mount original nbhd\DesignCharPersLED.bmp
07:24:01.744 uioriginal: IFF-mount original nbhd\CACPointRemainingBars.bmp
07:24:01.748 uioriginal: IFF-mount original nbhd\FamilyPickItemBkg.bmp
07:24:01.748 uioriginal: IFF-mount original nbhd\PAFMoveIn.bmp
07:24:01.748 uioriginal: IFF-mount original nbhd\NbhdTileBtn.BMP
07:24:01.748 uioriginal: IFF-mount original nbhd\AddPersonBtn.bmp
07:24:01.750 uioriginal: IFF-mount original nbhd\DesignCharAdultBtn.bmp
07:24:01.751 uioriginal: IFF-mount original nbhd\DesignCharChildBtn.bmp
07:24:01.751 uioriginal: IFF-mount original nbhd\DesignCharFemaleBtn.bmp
07:24:01.751 uioriginal: IFF-mount original nbhd\DesignCharMaleBtn.bmp
07:24:01.752 uioriginal: IFF-mount original nbhd\DesignCharDarkBtn.bmp
07:24:01.752 uioriginal: IFF-mount original nbhd\DesignCharMediumBtn.bmp
07:24:01.752 uioriginal: IFF-mount original nbhd\DesignCharLightBtn.bmp
07:24:01.752 uioriginal: IFF-mount original nbhd\DesignCharSkinsLeftBtn.bmp
07:24:01.752 uioriginal: IFF-mount original nbhd\DesignCharSkinsRightBtn.bmp
07:24:01.762 uioriginal: IFF-mount original nbhd\DeletePersonBtn.bmp
07:24:01.762 uioriginal: IFF-mount original nbhd\EditPersonBtn.bmp
07:24:01.763 uioriginal: IFF-mount original nbhd\PAFAddFamily.bmp
07:24:01.763 uioriginal: IFF-mount original nbhd\PAFDeleteFamily.bmp
07:24:01.853 autotest: AUTOTEST uisurvey dump casorig-cac 1024x768 -> /Users/nathannoom/Documents/Simitone/uisurvey-casorig-cac.png
07:24:01.942 autotest: AUTOTEST uisurvey dump casorig-fam 1024x768 -> /Users/nathannoom/Documents/Simitone/uisurvey-casorig-fam.png
07:24:02.012 autotest: AUTOTEST uisurvey dump casorig-paf 1024x768 -> /Users/nathannoom/Documents/Simitone/uisurvey-casorig-paf.png
07:24:02.016 uioriginal: IFF-mount original nbhd\Smiley.bmp
07:24:02.017 autotest: AUTOTEST uicasorig workflow239=True nativeBounds=15 cornerClicks=60 prompts=3 isolatedDeletes=1 censusReads=2 PASS
07:24:02.021 autotest: AUTOTEST uicasorig workflow240=True catalogLoads=17 buttonClicks=37 PASS
07:24:02.070 autotest: AUTOTEST uicasorig composite242=True production CAS background over varied underlay: 0/22000 changed preview pixels
07:24:02.070 autotest: AUTOTEST uicasorig original-cas-screens: OK
07:24:02.070 autotest: AUTOTEST uicasorig: PASS
07:24:02.071 autotest: AUTOTEST uipal canon=13 hex=000029,000052,00004A UIStyle bg=0,0,30 title=0,0,20 accent=0,255,255 navyBg=True navyTitle=True cyanAccent=True
07:24:02.071 autotest: AUTOTEST uipal: PASS
07:24:02.077 autotest: AUTOTEST loadscreen IFF-literal start/loading mount: ok=True 
07:24:02.078 autotest: AUTOTEST loadscreen: PASS
07:24:02.158 autotest: AUTOTEST uicapture scene-readback=True original-size=True UI-excluded=True persisted=True marker-draws=1 magenta=0 unique=9 physical={X:200 Y:249 Width:198 Height:150}
07:24:02.158 autotest: AUTOTEST uicapture: PASS
07:24:02.162 autotest: AUTOTEST uipip caption native caption wrap/ink/bounds/vertical offsets pass
07:24:02.162 autotest: AUTOTEST uipip-caption: PASS
07:24:02.166 autotest: AUTOTEST uipip opcode opcode35 fixtures, eligibility, prepare/dispatch/complete yields, option suppression, per-frame restore/nesting, v38/39/40 boundaries, unrelated dialog isolation, TSO no-op passed
07:24:02.166 autotest: AUTOTEST uipip-opcode: PASS
Failed to get Object ID: 894873652 (no resource)
Failed to get Object ID: 3570918414 (no resource)
Failed to get Object ID: 4148882876 (no resource)
Failed to get Object ID: 2520229405 (no resource)
Failed to get Object ID: 2693656263 (no resource)
Failed to get Object ID: 1248776560 (no resource)
Failed to get Object ID: 1254207050 (no resource)
Failed to get Object ID: 1227620055 (no resource)
Failed to get Object ID: 1234155226 (no resource)
Failed to get Object ID: 2504909874 (no resource)
Failed to get Object ID: 2836325437 (no resource)
Failed to get Object ID: 350020562 (no resource)
Failed to get Object ID: 1463215138 (no resource)
Failed to get Object ID: 4270329849 (no resource)
07:24:02.180 autotest: AUTOTEST uipip original-import production ConvertThread: original opcode35 phases1/2; other states preserved; House56 OBJT owner bedd7b26 resolves opcode27, not PIP; invalid routine/IP atomic rejection passed
07:24:02.180 autotest: AUTOTEST uipip-original-import: PASS
07:24:02.185 PIP fixture target=Piano - Standing tile=(408, 424, 1)
07:24:02.429 PIP avatar=Cassandra logic=(440, 360, 1) visual={X:27.5 Y:22.5 Z:1.125} stored={X:27.5 Y:22.5 Z:0} foot={X:100.99992 Y:177.90921} meshFoot={X:100.99992 Y:177.90921} pelvis={X:100.93517 Y:148.24197} expected={X:100 Y:178} center={X:27.5 Y:22.5 Z:1.125} targetScreen={X:100.99992 Y:177.90921}
07:24:02.472 PIP main-photo physical={X:348 Y:204 Width:200 Height:300} viewport={X:0 Y:0 Width:1024 Height:768 MinDepth:0 MaxDepth:1}
07:24:03.371 autotest: AUTOTEST uipip UI size/zoom, all rotations and avatar renders; camera/GPU preserved; ownership/timer/options/input; both automatic-photo routes OK
07:24:03.372 autotest: AUTOTEST uipip-render: PASS
07:24:03.373 autotest: AUTOTEST uipip fade native 333ms/248-opacity threshold; 18 whole-window GPU captures at all sizes; ownership, reversals, input, option changes and disposal pass
07:24:03.373 autotest: AUTOTEST uipip-fade: PASS
07:24:03.373 autotest: AUTOTEST visual-fixture pip suppressed-preexisting-dialogs=0 tracked=2 vm-state-preserved=True
07:24:03.500 autotest: AUTOTEST uisurvey dump pip 1024x768 -> /Users/nathannoom/Documents/Simitone/uisurvey-pip.png
07:24:03.505 AUTOTEST uicutaway room-inventory: 0:f0i0;1:f0o2618;2:f0i20;3:f0i9;4:f0i35;5:f0i27;6:f1o2672;7:f1i32;8:f1i3;9:f2o2704;10:f3o2704;11:f4o2704
07:24:03.506 AUTOTEST uicutaway fixture-indoor-room: PASS groundIndoor=4 groundOutside=1
07:24:03.510 AUTOTEST uicutaway diagonal-side residual: no constructible headless fixture — the port's room-map flood merges diagonal-split interiors into one room (opposite-side spread dir crosses at the diag tile), so diagonal half-rooms never exist as separate room ids; the diagonal-side mask law is covered by the r244-cutaway-geom decode review, not a runtime check
07:24:03.511 AUTOTEST uicutaway room-mask-nonempty: PASS room=4 area=35 cutTiles=94 equalsRoomMask=True
07:24:03.511 AUTOTEST uicutaway empty-history-empty-mask: PASS
07:24:03.511 AUTOTEST uicutaway-verbose outside-room-fixture: PASS level-1 outside room=1
07:24:03.512 AUTOTEST uicutaway outside-room-empty-mask: PASS room=1
07:24:03.512 AUTOTEST uicutaway diagonal-pair: deferred to synthetic floor-2 fixture (no indoor/indoor diagonal on this lot)
07:24:03.514 AUTOTEST uicutaway rotations-zooms-recompose: PASS
07:24:03.514 AUTOTEST uicutaway single-room-band-containment: PASS stray=0
07:24:03.514 AUTOTEST uicutaway strict-overlap residual: opt-in only — exact edge-touch is unreachable in the port's integer-tile projection (slacks ≡ -1/-2 mod tile pitch, irrational story-height term on the y edges), so the native minus-1 exclusion has no constructible headless fixture; single-room-band-containment carries the default gate
07:24:03.644 AUTOTEST uicutaway history-fixture-four-rooms: PASS found=4 of 4
07:24:03.646 AUTOTEST uicutaway hover-inserts-cursor-room: PASS history=[7,8,9] drove=[7,8,9]
07:24:03.647 AUTOTEST uicutaway history-drives-mask: PASS maskTiles=314
07:24:03.647 AUTOTEST uicutaway duplicate-no-recency: PASS history=[7,8,9]
07:24:03.648 AUTOTEST uicutaway cap3-evicts-oldest: PASS history=[8,9,10] expected=[8,9,10]
07:24:03.648 AUTOTEST uicutaway evicted-room-mask-retires: PASS maskTiles=331
07:24:03.649 AUTOTEST uicutaway off-lot-resets-keeps-history: PASS cutTiles=0 history=3
07:24:03.723 AUTOTEST uicutaway floor-change-fixture-insert: PASS history=[4] drove=[4]
07:24:03.723 AUTOTEST uicutaway floor-change-clears-history: PASS history=[]
07:24:03.723 AUTOTEST uicutaway floor-change-standing-mask-empty: PASS standingTiles=0
07:24:03.723 AUTOTEST uicutaway floor-change-room-retires: PASS cutTiles=0
07:24:03.724 AUTOTEST uicutaway person-fixture-sim: PASS pos=(424, 392, 1)
07:24:03.724 AUTOTEST uicutaway person-fixture-indoor-room: PASS room=4 expected=4 outside=False
07:24:03.725 AUTOTEST uicutaway person-room-ors-on-view-floor: PASS room=4 base=0 with=94 equalsRoomMask=True addedLocalized=True
07:24:03.725 AUTOTEST uicutaway person-other-floor-ors-nothing: PASS floor=2
07:24:03.725 AUTOTEST uicutaway outside-person-k-probe-rect: PASS k=4 tile=26,26 expected=16 actual=16
07:24:03.799 AUTOTEST uicutaway cursor-indoor-marks-nothing: PASS room=4
07:24:03.800 AUTOTEST uicutaway cursor-r26-half-open-rect: PASS cursorTile=27,29 expected=94 actual=94
07:24:03.800 AUTOTEST uicutaway cursor-outside-buffer-marks-nothing: PASS
07:24:03.800 AUTOTEST uicutaway cursor-suppressed-marks-nothing: PASS
07:24:03.807 AUTOTEST uicutaway pip-samefloor-pipinputs-drives-mask: PASS render=True pixelDiff=7285 expectedTiles=94
07:24:03.808 AUTOTEST uicutaway pip-samefloor-main-mask-restored: PASS refRestored=True
07:24:03.831 AUTOTEST uicutaway pip-crossfloor-no-live-person-walls-up: PASS pixelDiff=0
07:24:03.832 AUTOTEST uicutaway pip-crossfloor-person-room-localized: PASS room=7 expected=7 cutTiles=117 localized=True
07:24:03.837 AUTOTEST uicutaway pip-crossfloor-nonempty-mask: PASS pixelDiff=14318
07:24:03.858 AUTOTEST uicutaway pip-crossfloor-main-mask-restored: PASS
07:24:03.858 AUTOTEST uicutaway pip-exception-restores: PASS threw=True refRestored=True
07:24:03.996 AUTOTEST uicutaway world-grab-localized-diff: PASS changedPx=127274 sampled=31819 inBand=31819
07:24:04.144 AUTOTEST uicutaway lot-rooms-restored: PASS before=3 after=3
07:24:04.144 AUTOTEST uicutaway settings-restored: PASS
07:24:04.144 AUTOTEST uicutaway evidence: /Users/nathannoom/Documents/Simitone/ui-audit/r244
07:24:04.168 autotest: AUTOTEST uicutaway outside-empty, diagonal-sides, rotations/zooms, floor-change clears history, history insert/dup/evict/reset, person OR/floor-gate, cursor r26 rect, PIP empty/person masks+restore, world grab diff; state restored
07:24:04.169 autotest: AUTOTEST uicutaway: PASS
07:24:04.169 autotest: AUTOTEST uicutaway-verbose verbose sub-assertions passed
07:24:04.169 autotest: AUTOTEST uicutaway-verbose: PASS
07:24:04.447 autotest: AUTOTEST zoomlive f=10 phase=1 zoom=Near pz=1 target=1 bbs=1 immediate=False ssDirty=False dark=134/14839 green=28/14839
07:24:04.491 autotest: AUTOTEST zoomlive f=20 phase=1 zoom=Near pz=1 target=1 bbs=1 immediate=False ssDirty=False dark=134/14839 green=28/14839
07:24:04.658 autotest: AUTOTEST zoomlive f=30 phase=1 zoom=Near pz=1 target=1 bbs=1 immediate=False ssDirty=False dark=134/14839 green=28/14839
07:24:04.660 autotest: AUTOTEST zoomlive >>> target far (TargetZoom=0.25)
07:24:04.825 autotest: AUTOTEST zoomlive f=40 phase=2 zoom=Far pz=1 target=0.25 bbs=1 immediate=False ssDirty=False dark=6465/14839 green=74/14839
07:24:04.991 autotest: AUTOTEST zoomlive f=50 phase=2 zoom=Far pz=1 target=0.25 bbs=1 immediate=False ssDirty=False dark=6465/14839 green=74/14839
07:24:05.160 autotest: AUTOTEST zoomlive f=60 phase=2 zoom=Far pz=1 target=0.25 bbs=1 immediate=False ssDirty=False dark=6465/14839 green=74/14839
07:24:05.394 autotest: AUTOTEST zoomlive f=70 phase=2 zoom=Far pz=1 target=0.25 bbs=1 immediate=False ssDirty=False dark=6465/14839 green=74/14839
07:24:05.491 autotest: AUTOTEST zoomlive f=80 phase=2 zoom=Far pz=1 target=0.25 bbs=1 immediate=False ssDirty=False dark=6465/14839 green=74/14839
07:24:05.658 autotest: AUTOTEST zoomlive f=90 phase=2 zoom=Far pz=1 target=0.25 bbs=1 immediate=False ssDirty=False dark=6475/14839 green=82/14839
07:24:05.825 autotest: AUTOTEST zoomlive f=100 phase=2 zoom=Far pz=1 target=0.25 bbs=1 immediate=False ssDirty=False dark=6475/14839 green=82/14839
07:24:05.992 autotest: AUTOTEST zoomlive f=110 phase=2 zoom=Far pz=1 target=0.25 bbs=1 immediate=False ssDirty=False dark=6475/14839 green=82/14839
07:24:06.247 autotest: AUTOTEST zoomlive f=120 phase=2 zoom=Far pz=1 target=0.25 bbs=1 immediate=False ssDirty=False dark=6475/14839 green=82/14839
07:24:06.398 autotest: AUTOTEST zoomlive f=130 phase=2 zoom=Far pz=1 target=0.25 bbs=1 immediate=False ssDirty=False dark=6475/14839 green=82/14839
07:24:06.399 autotest: AUTOTEST zoomlive >>> target medium (TargetZoom=0.5)
07:24:06.491 autotest: AUTOTEST zoomlive f=140 phase=3 zoom=Medium pz=1 target=0.5 bbs=1 immediate=False ssDirty=False dark=1586/14839 green=17/14839
07:24:06.658 autotest: AUTOTEST zoomlive f=150 phase=3 zoom=Medium pz=1 target=0.5 bbs=1 immediate=False ssDirty=False dark=1586/14839 green=17/14839
07:24:06.825 autotest: AUTOTEST zoomlive f=160 phase=3 zoom=Medium pz=1 target=0.5 bbs=1 immediate=False ssDirty=False dark=1586/14839 green=17/14839
07:24:06.992 autotest: AUTOTEST zoomlive f=170 phase=3 zoom=Medium pz=1 target=0.5 bbs=1 immediate=False ssDirty=False dark=1586/14839 green=17/14839
07:24:07.159 autotest: AUTOTEST zoomlive f=180 phase=3 zoom=Medium pz=1 target=0.5 bbs=1 immediate=False ssDirty=False dark=1586/14839 green=17/14839
07:24:07.442 autotest: AUTOTEST zoomlive f=190 phase=3 zoom=Medium pz=1 target=0.5 bbs=1 immediate=False ssDirty=False dark=1586/14839 green=17/14839
07:24:07.443 autotest: AUTOTEST zoomlive >>> scroll phase (front-left corner, 0.4 tiles/frame)
07:24:07.491 autotest: AUTOTEST zoomlive f=200 phase=4 zoom=Medium pz=1 target=0.5 bbs=1 immediate=False ssDirty=False dark=777/14839 green=15/14839
07:24:07.659 autotest: AUTOTEST zoomlive f=210 phase=4 zoom=Medium pz=1 target=0.5 bbs=1 immediate=False ssDirty=False dark=445/14839 green=24/14839
07:24:07.831 autotest: AUTOTEST zoomlive f=220 phase=4 zoom=Medium pz=1 target=0.5 bbs=1 immediate=False ssDirty=False dark=1208/14839 green=18/14839
07:24:07.992 autotest: AUTOTEST zoomlive f=230 phase=4 zoom=Medium pz=1 target=0.5 bbs=1 immediate=False ssDirty=False dark=3060/14839 green=17/14839
07:24:08.159 autotest: AUTOTEST zoomlive f=240 phase=4 zoom=Medium pz=1 target=0.5 bbs=1 immediate=False ssDirty=False dark=5469/14839 green=9/14839
07:24:08.414 autotest: AUTOTEST zoomlive f=250 phase=4 zoom=Medium pz=1 target=0.5 bbs=1 immediate=False ssDirty=False dark=7499/14839 green=10/14839
07:24:08.570 autotest: AUTOTEST zoomlive f=260 phase=4 zoom=Medium pz=1 target=0.5 bbs=1 immediate=False ssDirty=False dark=7499/14839 green=10/14839
07:24:08.570 autotest: AUTOTEST zoomlive >>> scroll stop (does the wedge heal = 'pops back in'?)
07:24:08.658 autotest: AUTOTEST zoomlive f=270 phase=5 zoom=Medium pz=1 target=0.5 bbs=1 immediate=False ssDirty=False dark=7499/14839 green=10/14839
07:24:08.825 autotest: AUTOTEST zoomlive f=280 phase=5 zoom=Medium pz=1 target=0.5 bbs=1 immediate=False ssDirty=False dark=7499/14839 green=10/14839
07:24:09.092 autotest: AUTOTEST zoomlive f=290 phase=5 zoom=Medium pz=1 target=0.5 bbs=1 immediate=False ssDirty=False dark=7499/14839 green=10/14839
07:24:09.158 autotest: AUTOTEST zoomlive f=300 phase=5 zoom=Medium pz=1 target=0.5 bbs=1 immediate=False ssDirty=False dark=7499/14839 green=10/14839
07:24:09.325 autotest: AUTOTEST zoomlive f=310 phase=5 zoom=Medium pz=1 target=0.5 bbs=1 immediate=False ssDirty=False dark=7499/14839 green=10/14839
07:24:09.591 autotest: AUTOTEST zoomlive f=320 phase=5 zoom=Medium pz=1 target=0.5 bbs=1 immediate=False ssDirty=False dark=7499/14839 green=10/14839
07:24:09.592 autotest: AUTOTEST zoomlive END
07:24:09.593 autotest: AUTOTEST forced speed 1 (stale-dialog-latch obj307 released)
07:24:09.594 autotest: AUTOTEST roomlaw room=1 base=1 outside=True pool=False area=2618 supportArea=2618 supportCount=1 impactEntities=11 sumImpact=190 score=-9 entitiesInBase=136
07:24:09.594 autotest: AUTOTEST roomlaw room=2 base=2 outside=False pool=False area=20 supportArea=20 supportCount=1 impactEntities=2 sumImpact=60 score=15 entitiesInBase=14
07:24:09.594 autotest: AUTOTEST roomlaw room=3 base=3 outside=False pool=False area=9 supportArea=9 supportCount=1 impactEntities=1 sumImpact=1 score=4 entitiesInBase=8
07:24:09.594 autotest: AUTOTEST roomlaw room=4 base=4 outside=False pool=False area=35 supportArea=35 supportCount=1 impactEntities=5 sumImpact=101 score=26 entitiesInBase=26
07:24:09.594 autotest: AUTOTEST roomlaw room=5 base=5 outside=False pool=False area=27 supportArea=27 supportCount=1 impactEntities=3 sumImpact=40 score=100 entitiesInBase=20
07:24:09.594 autotest: AUTOTEST roomlaw room=6 base=6 outside=True pool=False area=2672 supportArea=2672 supportCount=1 impactEntities=0 sumImpact=0 score=-15 entitiesInBase=10
07:24:09.594 autotest: AUTOTEST roomlaw room=7 base=7 outside=False pool=False area=32 supportArea=35 supportCount=2 impactEntities=1 sumImpact=10 score=5 entitiesInBase=16
07:24:09.594 autotest: AUTOTEST roomlaw room=8 base=7 outside=False pool=False area=32 supportArea=35 supportCount=2 impactEntities=1 sumImpact=10 score=5 entitiesInBase=16
07:24:09.594 autotest: AUTOTEST roomlaw room=9 base=9 outside=True pool=False area=2704 supportArea=2704 supportCount=1 impactEntities=0 sumImpact=0 score=-15 entitiesInBase=0
07:24:09.595 autotest: AUTOTEST roomlaw room=10 base=10 outside=True pool=False area=2704 supportArea=2704 supportCount=1 impactEntities=0 sumImpact=0 score=-15 entitiesInBase=0
07:24:09.595 autotest: AUTOTEST roomlaw room=11 base=11 outside=True pool=False area=2704 supportArea=2704 supportCount=1 impactEntities=0 sumImpact=0 score=-15 entitiesInBase=0
07:24:09.595 autotest: AUTOTEST roomlaw-tiles level=1 room=65537 tile56=5162 wallTiles=62 styles=[0/0/4/0 0/0/0/0 0/0/0/0 0/0/0/0 0/0/0/0 0/0/0/0 0/0/0/0 0/0/6/0 0/0/0/0 0/0/0/0 13/0/250/0 0/13/0/250 0/13/0/250 1/13/26/250 0/13/0/250 13/0/250/0 0/0/0/0 13/0/250/0 0/0/0/0 1/0/26/0 0/0/0/0 13/0/250/0 0/0/0/0 13/0/250/0 0/0/0/4 1/0/26/4 0/0/0/4 13/0/250/4 0/0/0/0 13/0/250/0 0/0/0/0 1/0/26/0 0/0/0/0 13/0/250/0 0/0/0/0 13/0/250/0 1/0/26/0 0/0/0/0 13/0/250/0 0/0/0/0 0/0/0/0 1/0/26/0 0/0/0/0 1/0/26/0 0/0/0/0 1/0/26/0 0/0/0/0 13/0/250/0 0/0/0/0 0/0/0/0 1/0/26/5 0/0/0/0 1/0/26/0 0/1/0/26 0/1/0/26 0/1/0/26 0/1/0/26 0/1/0/26 0/1/0/26 0/1/0/26 0/1/0/26 0/1/0/26]
07:24:09.595 autotest: AUTOTEST roomlaw-tiles level=1 room=131074 tile56=26 wallTiles=14 styles=[1/1/6/6 0/1/0/6 0/1/0/6 0/1/0/6 0/1/0/6 1/0/6/0 0/0/0/0 1/0/6/4 0/0/0/4 1/0/6/0 0/0/0/0 0/0/0/0 0/0/0/0 0/0/0/0]
07:24:09.595 autotest: AUTOTEST roomlaw-tiles level=1 room=2147680257 tile56=1 wallTiles=1 styles=[27/1/23/0]
07:24:09.595 autotest: AUTOTEST roomlaw-tiles level=1 room=196611 tile56=9 wallTiles=7 styles=[0/1/0/16 0/1/0/16 1/0/16/0 0/0/0/0 1/0/16/0 0/0/0/0 0/0/0/0]
07:24:09.595 autotest: AUTOTEST roomlaw-tiles level=1 room=262148 tile56=47 wallTiles=17 styles=[1/1/25/25 0/1/0/25 0/1/0/25 0/1/0/25 1/0/25/0 0/0/0/0 1/0/25/0 0/0/0/0 1/0/25/0 0/0/0/0 1/0/25/0 1/0/25/3 0/0/5/5 1/0/25/0 0/0/5/0 0/0/0/0 0/0/0/0]
07:24:09.595 autotest: AUTOTEST roomlaw-tiles level=1 room=327685 tile56=37 wallTiles=17 styles=[1/1/2/2 0/1/0/2 0/1/0/2 1/0/2/0 0/1/4/2 0/1/0/2 0/1/1/2 1/0/2/0 0/0/1/0 1/0/2/0 0/0/1/3 1/0/2/0 0/0/0/0 0/0/0/0 0/0/0/0 0/0/0/0 0/0/1/0]
07:24:09.595 autotest: AUTOTEST roomlaw-tiles level=1 room=262145 tile56=1 wallTiles=1 styles=[21/1/26/0]
07:24:09.596 autotest: AUTOTEST roomlaw-tiles level=1 room=2147549185 tile56=1 wallTiles=1 styles=[26/13/0/0]
07:24:09.596 autotest: AUTOTEST roomlaw-tiles level=1 room=65540 tile56=1 wallTiles=1 styles=[0/1/21/0]
07:24:09.596 autotest: AUTOTEST roomlaw-tiles level=1 room=2147549188 tile56=1 wallTiles=1 styles=[21/1/0/0]
07:24:09.596 autotest: AUTOTEST roomlaw-shadow room=2 hypB half=13 wall=-17 t1=-32.80 t2=10.77 t3=-8.00 shadowNoObj=-47.03 amb=0 olt=100 ents=14 r60=18 winPat=4 doorPat=5
07:24:09.596 autotest: AUTOTEST roomlaw-shadow room=2 hypC half=13 wall=-17 t1=11.43 t2=10.77 t3=-8.00 shadowNoObj=-2.80 amb=0 olt=100 ents=14 r60=18 winPat=4 doorPat=5
07:24:09.596 autotest: AUTOTEST roomlaw-shadow room=3 hypB half=4 wall=-26 t1=-36.80 t2=8.00 t3=0.00 shadowNoObj=-54.80 amb=0 olt=100 ents=8 r60=8 winPat=0 doorPat=0
07:24:09.596 autotest: AUTOTEST roomlaw-shadow room=3 hypC half=4 wall=-26 t1=0.00 t2=8.00 t3=0.00 shadowNoObj=-18.00 amb=0 olt=100 ents=8 r60=8 winPat=0 doorPat=0
07:24:09.596 autotest: AUTOTEST roomlaw-shadow room=4 hypA half=23 wall=-7 t1=-4.80 t2=11.30 t3=0.00 shadowNoObj=-0.50 amb=25 olt=100 ents=26 r60=22 winPat=2 doorPat=2
07:24:09.596 autotest: AUTOTEST roomlaw-shadow room=4 hypB half=23 wall=-7 t1=-31.20 t2=11.30 t3=0.00 shadowNoObj=-26.90 amb=25 olt=100 ents=26 r60=22 winPat=2 doorPat=2
07:24:09.596 autotest: AUTOTEST roomlaw-shadow room=4 hypC half=23 wall=-7 t1=-6.15 t2=11.30 t3=0.00 shadowNoObj=-1.85 amb=25 olt=100 ents=26 r60=22 winPat=2 doorPat=2
07:24:09.596 autotest: AUTOTEST roomlaw-shadow room=5 hypB half=18 wall=-12 t1=-31.20 t2=11.11 t3=0.00 shadowNoObj=-32.09 amb=0 olt=100 ents=20 r60=22 winPat=0 doorPat=1
07:24:09.597 autotest: AUTOTEST roomlaw-shadow room=5 hypC half=18 wall=-12 t1=4.00 t2=11.11 t3=0.00 shadowNoObj=3.11 amb=0 olt=100 ents=20 r60=22 winPat=0 doorPat=1
07:24:09.597 autotest: AUTOTEST roomlaw-shadow room=4 hypA half=0 wall=-30 t1=-36.80 t2=26.00 t3=0.00 shadowNoObj=-40.80 amb=25 olt=100 ents=26 r60=2 winPat=0 doorPat=0
07:24:09.597 autotest: AUTOTEST roomlaw-shadow room=4 hypB half=0 wall=-30 t1=-39.20 t2=26.00 t3=0.00 shadowNoObj=-43.20 amb=25 olt=100 ents=26 r60=2 winPat=0 doorPat=0
07:24:09.597 autotest: AUTOTEST roomlaw-shadow room=4 hypC half=0 wall=-30 t1=-36.92 t2=26.00 t3=0.00 shadowNoObj=-40.92 amb=25 olt=100 ents=26 r60=2 winPat=0 doorPat=0
07:24:09.597 autotest: AUTOTEST roomlaw-shadow room=4 hypA half=0 wall=-30 t1=-36.80 t2=26.00 t3=0.00 shadowNoObj=-40.80 amb=25 olt=100 ents=26 r60=2 winPat=0 doorPat=0
07:24:09.597 autotest: AUTOTEST roomlaw-shadow room=4 hypB half=0 wall=-30 t1=-39.20 t2=26.00 t3=0.00 shadowNoObj=-43.20 amb=25 olt=100 ents=26 r60=2 winPat=0 doorPat=0
07:24:09.597 autotest: AUTOTEST roomlaw-shadow room=4 hypC half=0 wall=-30 t1=-36.92 t2=26.00 t3=0.00 shadowNoObj=-40.92 amb=25 olt=100 ents=26 r60=2 winPat=0 doorPat=0
07:24:09.597 autotest: AUTOTEST roomlaw-tiles level=2 room=393222 tile56=5317 wallTiles=21 styles=[0/0/4/4 0/0/0/4 0/0/0/4 0/0/0/4 0/0/0/0 1/0/26/0 0/0/0/0 1/0/26/0 0/0/0/0 1/0/26/0 0/0/0/4 1/0/26/0 0/1/1/26 1/0/26/4 0/0/0/0 0/0/0/249 1/0/26/0 0/0/0/2 1/0/26/3 0/1/3/26 0/1/0/26]
07:24:09.597 autotest: AUTOTEST roomlaw-tiles level=2 room=458759 tile56=39 wallTiles=19 styles=[1/1/25/25 0/1/0/25 0/1/0/25 0/1/0/25 14/0/251/0 0/0/0/0 14/0/251/0 0/0/0/0 14/0/251/0 0/0/0/0 1/0/25/249 0/0/249/0 1/0/25/0 1/0/25/249 0/0/0/0 1/0/25/2 0/0/0/3 0/0/3/0 0/0/0/0]
07:24:09.598 autotest: AUTOTEST roomlaw-tiles level=2 room=524296 tile56=3 wallTiles=3 styles=[1/0/25/0 1/0/25/0 1/0/25/0]
07:24:09.598 autotest: AUTOTEST roomlaw-tiles level=2 room=458758 tile56=1 wallTiles=1 styles=[1/1/0/0]
07:24:09.598 autotest: AUTOTEST roomlaw-tiles level=2 room=393223 tile56=1 wallTiles=1 styles=[0/1/1/0]
07:24:09.598 autotest: AUTOTEST roomlaw-tiles level=2 room=2147876871 tile56=1 wallTiles=1 styles=[1/1/0/0]
07:24:09.598 autotest: AUTOTEST roomlaw-shadow room=7 hypB half=19 wall=-11 t1=-32.80 t2=8.42 t3=0.00 shadowNoObj=-35.38 amb=0 olt=100 ents=16 r60=18 winPat=1 doorPat=1
07:24:09.598 autotest: AUTOTEST roomlaw-shadow room=7 hypC half=19 wall=-11 t1=5.00 t2=8.42 t3=0.00 shadowNoObj=2.42 amb=0 olt=100 ents=16 r60=18 winPat=1 doorPat=1
07:24:09.598 autotest: AUTOTEST roomlaw-shadow room=8 hypB half=1 wall=-29 t1=-37.60 t2=16.00 t3=0.00 shadowNoObj=-50.60 amb=0 olt=100 ents=16 r60=6 winPat=0 doorPat=0
07:24:09.598 autotest: AUTOTEST roomlaw-shadow room=8 hypC half=1 wall=-29 t1=-25.00 t2=16.00 t3=0.00 shadowNoObj=-38.00 amb=0 olt=100 ents=16 r60=6 winPat=0 doorPat=0
07:24:09.598 autotest: AUTOTEST roomlaw-shadow room=7 hypB half=0 wall=-30 t1=-39.20 t2=16.00 t3=0.00 shadowNoObj=-53.20 amb=0 olt=100 ents=16 r60=2 winPat=0 doorPat=0
07:24:09.598 autotest: AUTOTEST roomlaw-shadow room=7 hypC half=0 wall=-30 t1=-35.00 t2=16.00 t3=0.00 shadowNoObj=-49.00 amb=0 olt=100 ents=16 r60=2 winPat=0 doorPat=0
07:24:09.598 autotest: AUTOTEST roomlaw-shadow room=7 hypB half=0 wall=-30 t1=-38.40 t2=16.00 t3=0.00 shadowNoObj=-52.40 amb=0 olt=100 ents=16 r60=4 winPat=0 doorPat=0
07:24:09.599 autotest: AUTOTEST roomlaw-shadow room=7 hypC half=0 wall=-30 t1=-30.00 t2=16.00 t3=0.00 shadowNoObj=-44.00 amb=0 olt=100 ents=16 r60=4 winPat=0 doorPat=0
07:24:09.599 autotest: AUTOTEST roomlaw-tiles level=3 room=589833 tile56=5408 wallTiles=0 styles=[]
07:24:09.599 autotest: AUTOTEST roomlaw-tiles level=4 room=655370 tile56=5408 wallTiles=0 styles=[]
07:24:09.599 autotest: AUTOTEST roomlaw-tiles level=5 room=720907 tile56=5408 wallTiles=0 styles=[]
07:24:09.599 autotest: AUTOTEST roomlaw avatar0 obj=16 pos=440,360,1 roomAt=1 score=-9
07:24:09.599 autotest: AUTOTEST roomlaw avatar1 obj=18 pos=440,408,1 roomAt=1 score=-9
07:24:09.599 autotest: AUTOTEST roomlaw avatar2 obj=21 pos=424,392,1 roomAt=1 score=-9
07:24:09.600 autotest: AUTOTEST roomlaw pin house5 maxInsideScore=100 (the old formula caps ~26; the decoded law's furnished rooms clamp at 100)
07:24:09.600 autotest: AUTOTEST roomlaw: PASS
07:24:09.600 autotest: AUTOTEST mood load-phase av0 storedMood=83 needs=99,98,99,75,100,29,99 roomScore=-9 rowRoom=-9 s7=599 hypNoRoom=85 hypEngine=73 hypLaw=83 (original-save values; engine recomputes after first decay tick)
07:24:09.600 autotest: AUTOTEST mood load-phase av1 storedMood=81 needs=99,98,99,71,100,22,99 roomScore=-9 rowRoom=-9 s7=588 hypNoRoom=84 hypEngine=72 hypLaw=81 (original-save values; engine recomputes after first decay tick)
07:24:09.600 autotest: AUTOTEST mood load-phase av2 storedMood=82 needs=99,98,99,71,100,33,99 roomScore=-9 rowRoom=-9 s7=599 hypNoRoom=85 hypEngine=73 hypLaw=82 (original-save values; engine recomputes after first decay tick)
07:24:09.600 autotest: AUTOTEST brainlive diag av0 threads=7
07:24:09.601 autotest: AUTOTEST brainlive diag   frame0 routineID=4096 label=Main rti=Main semiGlobal=personglobals.iff
07:24:09.601 autotest: AUTOTEST brainlive diag   frame1 routineID=8193 label=person main rti=person main semiGlobal=personglobals.iff
07:24:09.601 autotest: AUTOTEST brainlive diag   frame2 routineID=8283 label=person main loop rti=person main loop semiGlobal=personglobals.iff
07:24:09.601 autotest: AUTOTEST brainlive diag   frame3 routineID=8303 label=do idle and mood rti=do idle and mood semiGlobal=personglobals.iff
07:24:09.601 autotest: AUTOTEST brainlive diag   frame4 routineID=8229 label=do idle core rti=do idle core semiGlobal=personglobals.iff
07:24:09.601 autotest: AUTOTEST brainlive diag   frame5 routineID=8534 label=do shy child rti=do shy child semiGlobal=personglobals.iff
07:24:09.601 autotest: AUTOTEST brainlive diag   frame6 routineID=8534 label=do shy child rti=do shy child semiGlobal=personglobals.iff
07:24:09.601 autotest: AUTOTEST brainlive diag av1 threads=4
07:24:09.601 autotest: AUTOTEST brainlive diag   frame0 routineID=4096 label=Main rti=Main semiGlobal=personglobals.iff
07:24:09.601 autotest: AUTOTEST brainlive diag   frame1 routineID=8193 label=person main rti=person main semiGlobal=personglobals.iff
07:24:09.601 autotest: AUTOTEST brainlive diag   frame2 routineID=8283 label=person main loop rti=person main loop semiGlobal=personglobals.iff
07:24:09.601 autotest: AUTOTEST brainlive diag   frame3 routineID=8330 label=do new adult idle rti=do new adult idle semiGlobal=personglobals.iff
07:24:09.602 autotest: AUTOTEST brainlive diag av2 threads=4
07:24:09.602 autotest: AUTOTEST brainlive diag   frame0 routineID=4096 label=Main rti=Main semiGlobal=personglobals.iff
07:24:09.602 autotest: AUTOTEST brainlive diag   frame1 routineID=8193 label=person main rti=person main semiGlobal=personglobals.iff
07:24:09.602 autotest: AUTOTEST brainlive diag   frame2 routineID=8283 label=person main loop rti=person main loop semiGlobal=personglobals.iff
07:24:09.602 autotest: AUTOTEST brainlive diag   frame3 routineID=8330 label=do new adult idle rti=do new adult idle semiGlobal=personglobals.iff
07:24:10.442 autotest: AUTOTEST forced speed 1 (stale-dialog-latch obj306 released)
07:24:10.446 autotest: AUTOTEST mood load-phase av0 storedMood=83 needs=99,97,99,75,100,29,99 roomScore=-9 rowRoom=-9 s7=598 hypNoRoom=85 hypEngine=73 hypLaw=83 (original-save values; engine recomputes after first decay tick)
07:24:10.446 autotest: AUTOTEST mood load-phase av1 storedMood=81 needs=99,97,99,71,100,22,99 roomScore=-9 rowRoom=-9 s7=587 hypNoRoom=83 hypEngine=72 hypLaw=81 (original-save values; engine recomputes after first decay tick)
07:24:10.446 autotest: AUTOTEST mood load-phase av2 storedMood=82 needs=99,97,99,71,100,33,99 roomScore=-9 rowRoom=-9 s7=598 hypNoRoom=85 hypEngine=73 hypLaw=82 (original-save values; engine recomputes after first decay tick)
07:24:11.441 autotest: AUTOTEST motive sample minute=33 avatars=3 moodAllOk=True elapsed=2 speed=1 (33:6 h)
07:24:12.448 autotest: AUTOTEST motive sample minute=34 avatars=3 moodAllOk=True elapsed=3 speed=1 (34:6 h)
07:24:12.775 autotest: AUTOTEST forced speed 1 (stale-dialog-latch obj296 released)
07:24:12.807 autotest: AUTOTEST forced speed 1 (stale-dialog-latch obj297 released)
07:24:12.841 autotest: AUTOTEST forced speed 1 (stale-dialog-latch obj300 released)
07:24:12.874 autotest: AUTOTEST forced speed 1 (stale-dialog-latch obj303 released)
07:24:13.441 autotest: AUTOTEST motive sample minute=35 avatars=3 moodAllOk=True elapsed=4 speed=1 (35:6 h)
07:24:14.441 autotest: AUTOTEST motive sample minute=36 avatars=3 moodAllOk=True elapsed=5 speed=1 (36:6 h)
07:24:15.441 autotest: AUTOTEST motive sample minute=37 avatars=3 moodAllOk=True elapsed=6 speed=1 (37:6 h)
07:24:16.441 autotest: AUTOTEST motive sample minute=38 avatars=3 moodAllOk=True elapsed=7 speed=1 (38:6 h)
07:24:17.441 autotest: AUTOTEST motive sample minute=39 avatars=3 moodAllOk=True elapsed=8 speed=1 (39:6 h)
RELPROBE mode=0 myNID=32 caller[obj=16,nid=32] targNID=33 stack[obj=18,nid=33,avatar=True] exists=True bucketMismatch=False
RELPROBE mode=0 myNID=32 caller[obj=16,nid=32] targNID=33 stack[obj=18,nid=33,avatar=True] exists=True bucketMismatch=False
RELPROBE mode=0 myNID=32 caller[obj=16,nid=32] targNID=33 stack[obj=18,nid=33,avatar=True] exists=True bucketMismatch=False
RELPROBE mode=0 myNID=32 caller[obj=16,nid=32] targNID=33 stack[obj=18,nid=33,avatar=True] exists=True bucketMismatch=False
RELPROBE mode=0 myNID=32 caller[obj=16,nid=32] targNID=33 stack[obj=18,nid=33,avatar=True] exists=True bucketMismatch=False
RELPROBE mode=0 myNID=32 caller[obj=16,nid=32] targNID=33 stack[obj=18,nid=33,avatar=True] exists=True bucketMismatch=False
RELPROBE mode=0 myNID=32 caller[obj=16,nid=32] targNID=33 stack[obj=18,nid=33,avatar=True] exists=True bucketMismatch=False
RELPROBE mode=0 myNID=32 caller[obj=16,nid=32] targNID=33 stack[obj=18,nid=33,avatar=True] exists=True bucketMismatch=False
RELPROBE mode=0 myNID=32 caller[obj=16,nid=32] targNID=33 stack[obj=18,nid=33,avatar=True] exists=True bucketMismatch=False
RELPROBE mode=0 myNID=32 caller[obj=16,nid=32] targNID=33 stack[obj=18,nid=33,avatar=True] exists=True bucketMismatch=False
RELPROBE mode=0 myNID=32 caller[obj=16,nid=32] targNID=33 stack[obj=18,nid=33,avatar=True] exists=True bucketMismatch=False
RELPROBE mode=0 myNID=32 caller[obj=16,nid=32] targNID=33 stack[obj=18,nid=33,avatar=True] exists=True bucketMismatch=False
RELPROBE mode=0 myNID=32 caller[obj=16,nid=32] targNID=34 stack[obj=21,nid=34,avatar=True] exists=True bucketMismatch=False
RELPROBE mode=0 myNID=32 caller[obj=16,nid=32] targNID=34 stack[obj=21,nid=34,avatar=True] exists=True bucketMismatch=False
RELPROBE mode=0 myNID=32 caller[obj=16,nid=32] targNID=34 stack[obj=21,nid=34,avatar=True] exists=True bucketMismatch=False
RELPROBE mode=0 myNID=32 caller[obj=16,nid=32] targNID=34 stack[obj=21,nid=34,avatar=True] exists=True bucketMismatch=False
RELPROBE mode=0 myNID=32 caller[obj=16,nid=32] targNID=34 stack[obj=21,nid=34,avatar=True] exists=True bucketMismatch=False
RELPROBE mode=0 myNID=32 caller[obj=16,nid=32] targNID=34 stack[obj=21,nid=34,avatar=True] exists=True bucketMismatch=False
RELPROBE mode=0 myNID=32 caller[obj=16,nid=32] targNID=34 stack[obj=21,nid=34,avatar=True] exists=True bucketMismatch=False
RELPROBE mode=0 myNID=32 caller[obj=16,nid=32] targNID=34 stack[obj=21,nid=34,avatar=True] exists=True bucketMismatch=False
RELPROBE mode=0 myNID=32 caller[obj=16,nid=32] targNID=34 stack[obj=21,nid=34,avatar=True] exists=True bucketMismatch=False
RELPROBE mode=0 myNID=32 caller[obj=16,nid=32] targNID=34 stack[obj=21,nid=34,avatar=True] exists=True bucketMismatch=False
RELPROBE mode=0 myNID=32 caller[obj=16,nid=32] targNID=34 stack[obj=21,nid=34,avatar=True] exists=True bucketMismatch=False
RELPROBE mode=0 myNID=32 caller[obj=16,nid=32] targNID=34 stack[obj=21,nid=34,avatar=True] exists=True bucketMismatch=False
07:24:18.441 autotest: AUTOTEST motive sample minute=40 avatars=3 moodAllOk=True elapsed=9 speed=1 (40:6 h)
RELPROBE mode=0 myNID=33 caller[obj=18,nid=33] targNID=34 stack[obj=21,nid=34,avatar=True] exists=True bucketMismatch=False
RELPROBE mode=0 myNID=33 caller[obj=18,nid=33] targNID=34 stack[obj=21,nid=34,avatar=True] exists=True bucketMismatch=False
RELPROBE mode=0 myNID=33 caller[obj=18,nid=33] targNID=34 stack[obj=21,nid=34,avatar=True] exists=True bucketMismatch=False
RELPROBE mode=0 myNID=33 caller[obj=18,nid=33] targNID=34 stack[obj=21,nid=34,avatar=True] exists=True bucketMismatch=False
RELPROBE mode=0 myNID=33 caller[obj=18,nid=33] targNID=34 stack[obj=21,nid=34,avatar=True] exists=True bucketMismatch=False
RELPROBE mode=0 myNID=33 caller[obj=18,nid=33] targNID=34 stack[obj=21,nid=34,avatar=True] exists=True bucketMismatch=False
RELPROBE mode=0 myNID=33 caller[obj=18,nid=33] targNID=34 stack[obj=21,nid=34,avatar=True] exists=True bucketMismatch=False
RELPROBE mode=0 myNID=33 caller[obj=18,nid=33] targNID=34 stack[obj=21,nid=34,avatar=True] exists=True bucketMismatch=False
RELPROBE mode=0 myNID=33 caller[obj=18,nid=33] targNID=34 stack[obj=21,nid=34,avatar=True] exists=True bucketMismatch=False
RELPROBE mode=0 myNID=33 caller[obj=18,nid=33] targNID=34 stack[obj=21,nid=34,avatar=True] exists=True bucketMismatch=False
RELPROBE mode=0 myNID=33 caller[obj=18,nid=33] targNID=34 stack[obj=21,nid=34,avatar=True] exists=True bucketMismatch=False
RELPROBE mode=0 myNID=33 caller[obj=18,nid=33] targNID=34 stack[obj=21,nid=34,avatar=True] exists=True bucketMismatch=False
RELPROBE mode=0 myNID=33 caller[obj=18,nid=33] targNID=34 stack[obj=21,nid=34,avatar=True] exists=True bucketMismatch=False
RELPROBE mode=0 myNID=33 caller[obj=18,nid=33] targNID=34 stack[obj=21,nid=34,avatar=True] exists=True bucketMismatch=False
RELPROBE mode=0 myNID=33 caller[obj=18,nid=33] targNID=34 stack[obj=21,nid=34,avatar=True] exists=True bucketMismatch=False
RELPROBE mode=0 myNID=33 caller[obj=18,nid=33] targNID=34 stack[obj=21,nid=34,avatar=True] exists=True bucketMismatch=False
RELPROBE mode=0 myNID=33 caller[obj=18,nid=33] targNID=34 stack[obj=21,nid=34,avatar=True] exists=True bucketMismatch=False
RELPROBE mode=0 myNID=33 caller[obj=18,nid=33] targNID=34 stack[obj=21,nid=34,avatar=True] exists=True bucketMismatch=False
RELPROBE mode=0 myNID=33 caller[obj=18,nid=33] targNID=34 stack[obj=21,nid=34,avatar=True] exists=True bucketMismatch=False
RELPROBE mode=0 myNID=33 caller[obj=18,nid=33] targNID=34 stack[obj=21,nid=34,avatar=True] exists=True bucketMismatch=False
RELPROBE mode=0 myNID=33 caller[obj=18,nid=33] targNID=34 stack[obj=21,nid=34,avatar=True] exists=True bucketMismatch=False
RELPROBE mode=0 myNID=33 caller[obj=18,nid=33] targNID=34 stack[obj=21,nid=34,avatar=True] exists=True bucketMismatch=False
RELPROBE mode=0 myNID=33 caller[obj=18,nid=33] targNID=34 stack[obj=21,nid=34,avatar=True] exists=True bucketMismatch=False
RELPROBE mode=0 myNID=33 caller[obj=18,nid=33] targNID=34 stack[obj=21,nid=34,avatar=True] exists=True bucketMismatch=False
RELPROBE mode=0 myNID=33 caller[obj=18,nid=33] targNID=34 stack[obj=21,nid=34,avatar=True] exists=True bucketMismatch=False
RELPROBE mode=0 myNID=33 caller[obj=18,nid=33] targNID=34 stack[obj=21,nid=34,avatar=True] exists=True bucketMismatch=False
RELPROBE mode=0 myNID=33 caller[obj=18,nid=33] targNID=34 stack[obj=21,nid=34,avatar=True] exists=True bucketMismatch=False
RELPROBE mode=0 myNID=33 caller[obj=18,nid=33] targNID=34 stack[obj=21,nid=34,avatar=True] exists=True bucketMismatch=False
RELPROBE mode=0 myNID=33 caller[obj=18,nid=33] targNID=34 stack[obj=21,nid=34,avatar=True] exists=True bucketMismatch=False
RELPROBE mode=0 myNID=33 caller[obj=18,nid=33] targNID=34 stack[obj=21,nid=34,avatar=True] exists=True bucketMismatch=False
RELPROBE mode=0 myNID=33 caller[obj=18,nid=33] targNID=34 stack[obj=21,nid=34,avatar=True] exists=True bucketMismatch=False
RELPROBE mode=0 myNID=33 caller[obj=18,nid=33] targNID=34 stack[obj=21,nid=34,avatar=True] exists=True bucketMismatch=False
RELPROBE mode=0 myNID=33 caller[obj=18,nid=33] targNID=34 stack[obj=21,nid=34,avatar=True] exists=True bucketMismatch=False
RELPROBE mode=0 myNID=33 caller[obj=18,nid=33] targNID=34 stack[obj=21,nid=34,avatar=True] exists=True bucketMismatch=False
07:24:19.441 autotest: AUTOTEST motive sample minute=41 avatars=3 moodAllOk=True elapsed=10 speed=1 (41:6 h)
07:24:19.446 autotest: AUTOTEST mood: PASS
07:24:19.448 autotest: AUTOTEST MOTIVE av0 deltas=[-2,-2,-1,-2,-2,-1,0] over 10 sim-min
07:24:19.448 autotest: AUTOTEST MOTIVE av1 deltas=[-2,-2,-1,-2,-2,-1,0] over 10 sim-min
07:24:19.448 autotest: AUTOTEST MOTIVE av2 deltas=[-2,-2,-1,-2,-2,-1,0] over 10 sim-min
07:24:19.449 autotest: AUTOTEST motive: PASS
07:24:19.450 autotest: AUTOTEST brainlive pg-seen=True routine-count=9907 distinct=15 ids=280,4096,8193,8216,8219,8227,8229,8233,8283,8292,8303,8330,8332,8339,8534
07:24:19.451 autotest: AUTOTEST brainlive brain-id-hit=True (8303/8301/8229/8275/8219 = IFF-verified canonical idle/personality brain BHAVs)
07:24:19.451 autotest: AUTOTEST brainlive: PASS
07:24:19.451 autotest: AUTOTEST carseek: entering career soak after pins minute=6:41 (no clock jump; natural ~1 sim-min/sec wait)
07:24:19.457 autotest: AUTOTEST carseek discovery avatars=3 plan=[obj=16 jtype=-1 jlevel=4 jperf=0 start=- end=- salary=0 track= | obj=18 jtype=0 jlevel=0 jperf=0 start=- end=- salary=0 track= | obj=21 jtype=9 jlevel=0 jperf=0 start=9 end=15 salary=155 track=Test Subject]
07:24:19.457 autotest: AUTOTEST carseek discovery distinct-mounted-IFFs=90 car-ifffs=[CarPortal.iffx1]
07:24:19.458 autotest: AUTOTEST carseek discovery iff=Windows.iff entities=50
07:24:19.459 autotest: AUTOTEST carseek discovery iff=Trees.iff entities=40
07:24:19.459 autotest: AUTOTEST carseek discovery iff=Shrubs.iff entities=25
07:24:19.459 autotest: AUTOTEST carseek discovery iff=Destination.iff entities=14
07:24:19.459 autotest: AUTOTEST carseek discovery iff=Doors.iff entities=12
07:24:19.459 autotest: AUTOTEST carseek discovery iff=stair.iff entities=9
07:24:19.459 autotest: AUTOTEST carseek discovery iff=Beds.iff entities=9
07:24:19.460 autotest: AUTOTEST carseek discovery iff=UrnStone.iff entities=8
07:24:19.460 autotest: AUTOTEST carseek discovery iff=FlowersOutdoor.iff entities=7
07:24:19.460 autotest: AUTOTEST carseek discovery iff=SocialInteractions.iff entities=7
07:24:19.460 autotest: AUTOTEST carseek discovery iff=DiningTables.iff entities=6
07:24:19.460 autotest: AUTOTEST carseek discovery iff=piano.iff entities=4
07:24:19.460 autotest: AUTOTEST carseek discovery iff=Counters.iff entities=4
07:24:19.461 autotest: AUTOTEST carseek discovery iff=Plants.iff entities=4
07:24:19.461 autotest: AUTOTEST carseek discovery iff=Sofas.iff entities=4
07:24:19.461 autotest: AUTOTEST carseek discovery iff=DiningChairs.iff entities=4
07:24:19.461 autotest: AUTOTEST carseek discovery iff=Lamps.iff entities=3
07:24:19.461 autotest: AUTOTEST carseek discovery iff=Paintings.iff entities=3
07:24:19.461 autotest: AUTOTEST carseek discovery iff=PedPortal.iff entities=2
07:24:19.461 autotest: AUTOTEST carseek discovery iff=phones.iff entities=2
07:24:19.462 autotest: AUTOTEST carseek discovery iff=MailBox.iff entities=2
07:24:19.462 autotest: AUTOTEST carseek discovery iff=Sinks.iff entities=2
07:24:19.462 autotest: AUTOTEST carseek discovery iff=TubM.iff entities=2
07:24:19.462 autotest: AUTOTEST carseek discovery iff=TablesEnd.iff entities=2
07:24:19.462 autotest: AUTOTEST carseek discovery iff=ToyBox.iff entities=2
07:24:19.462 autotest: AUTOTEST carseek discovery iff=HDSI.iff entities=2
07:24:19.463 autotest: AUTOTEST carseek discovery iff=unleashedcontroller.iff entities=2
07:24:19.463 autotest: AUTOTEST carseek discovery iff=ControllerStudioLot.iff entities=2
07:24:19.463 autotest: AUTOTEST carseek discovery iff=AnimTester.iff entities=1
07:24:19.463 autotest: AUTOTEST carseek discovery iff=JobFinder.iff entities=1
07:24:19.463 autotest: AUTOTEST carseek IFF-label-map CarPortal.iff bhavs=[4099:Clean,4108:dress for work,4118:Random A++ Bonus,4107:set car type,4111:send out of world,4109:hide the menu,4128:display bad mood help,4104:test promotion,4122:start motive deltas for school,4115:check for school bus schedule,4098:msg:show special,4130:display no study for school,4117:lower all kids grades,4127:was stack object due at work?,4132:verify stack object,4112:start motives delta,4114:CT - reset,4120:set car type from work,4121:create car from work,4135:push pet,4136:look for pets,4137:Interaction - Run to car,4119:Create School Bus,4138:call pets,4134:Chance Cards 3,4133:Chance Cards,4110:ensure stand,4106:Create Car,4141:Clone - Warning,4125:process warnings car pools,4100:process,4124:Chance Cards 2,4103:get paid,4096:main,4123:bring all children home,4129:display bad mood school,4113:return to world,4126:warn/fire people who miss work,4139:Clone - Find My Clone?,4140:Clone - Find My Owner?,4105:send to work,4142:Clone - Am I a Clone?,4131:set icon,4102:At Work,4116:At School,4097:load tree,4101:init common]
07:24:19.464 autotest: AUTOTEST carseek portal-attrs [0=0,1=0,2=0,3=0,4=0,5=0,6=0,7=0,8=0]
07:24:19.464 autotest: AUTOTEST carseek commute-inputs obj=16 JobType=-1 PersonType=0 w68=0 w69=0 objVar34=0
07:24:19.464 autotest: AUTOTEST carseek commute-inputs obj=18 JobType=0 PersonType=0 w68=0 w69=0 objVar34=0
07:24:19.464 autotest: AUTOTEST carseek commute-inputs obj=21 JobType=9 PersonType=0 w68=0 w69=0 objVar34=0
07:24:19.464 autotest: AUTOTEST carseek dialog-state@discovery gbd=null speed=1 lastSpeed=1
07:24:19.464 autotest: AUTOTEST carseek: earliest CARR StartTime=540 schoolStart=-1 scheduleStart=540 target=615 returnEnd=900 expectedPay=155 promotedSalary=0 promotionBonus=0 tuning132=0 fixture=False schoolEnd=-1 schoolFixture=False budgetBase=2542 targetElapsed=-1 schoolTargetElapsed=-1 (wait 214 sim-min)
07:24:19.475 autotest: AUTOTEST carseek car-entity-change carEnt=1 present=[CarPortal.iff#id8]
07:24:19.475 autotest: AUTOTEST carseek first-seen id=4096 label=main owner=CarPortal.iff sg=
07:24:19.475 autotest: AUTOTEST carseek first-seen id=280 label=idle owner=CarPortal.iff sg=
07:24:19.475 autotest: AUTOTEST carseek portal-stack [4096:0][280:0] stkObj=0 bs=-
07:24:19.475 autotest: AUTOTEST carseek minute=6:41 carEnt=1 maxCarEnt=1 portalEnt=1 careerFrames=2 distinct=2 jobPerfLvlChanged=False
07:24:20.441 autotest: AUTOTEST carseek minute=6:42 carEnt=1 maxCarEnt=1 portalEnt=1 careerFrames=120 distinct=2 jobPerfLvlChanged=False
07:24:21.441 autotest: AUTOTEST carseek minute=6:43 carEnt=1 maxCarEnt=1 portalEnt=1 careerFrames=240 distinct=2 jobPerfLvlChanged=False
07:24:22.441 autotest: AUTOTEST carseek minute=6:44 carEnt=1 maxCarEnt=1 portalEnt=1 careerFrames=360 distinct=2 jobPerfLvlChanged=False
07:24:23.441 autotest: AUTOTEST carseek minute=6:45 carEnt=1 maxCarEnt=1 portalEnt=1 careerFrames=480 distinct=2 jobPerfLvlChanged=False
RELPROBE mode=0 myNID=34 caller[obj=21,nid=34] targNID=32 stack[obj=16,nid=32,avatar=True] exists=True bucketMismatch=False
RELPROBE mode=0 myNID=34 caller[obj=21,nid=34] targNID=32 stack[obj=16,nid=32,avatar=True] exists=True bucketMismatch=False
RELPROBE mode=0 myNID=34 caller[obj=21,nid=34] targNID=32 stack[obj=16,nid=32,avatar=True] exists=True bucketMismatch=False
RELPROBE mode=0 myNID=34 caller[obj=21,nid=34] targNID=32 stack[obj=16,nid=32,avatar=True] exists=True bucketMismatch=False
RELPROBE mode=0 myNID=34 caller[obj=21,nid=34] targNID=32 stack[obj=16,nid=32,avatar=True] exists=True bucketMismatch=False
RELPROBE mode=0 myNID=34 caller[obj=21,nid=34] targNID=32 stack[obj=16,nid=32,avatar=True] exists=True bucketMismatch=False
RELPROBE mode=0 myNID=34 caller[obj=21,nid=34] targNID=32 stack[obj=16,nid=32,avatar=True] exists=True bucketMismatch=False
RELPROBE mode=0 myNID=34 caller[obj=21,nid=34] targNID=32 stack[obj=16,nid=32,avatar=True] exists=True bucketMismatch=False
RELPROBE mode=0 myNID=34 caller[obj=21,nid=34] targNID=32 stack[obj=16,nid=32,avatar=True] exists=True bucketMismatch=False
RELPROBE mode=0 myNID=34 caller[obj=21,nid=34] targNID=32 stack[obj=16,nid=32,avatar=True] exists=True bucketMismatch=False
RELPROBE mode=0 myNID=34 caller[obj=21,nid=34] targNID=32 stack[obj=16,nid=32,avatar=True] exists=True bucketMismatch=False
RELPROBE mode=0 myNID=34 caller[obj=21,nid=34] targNID=32 stack[obj=16,nid=32,avatar=True] exists=True bucketMismatch=False
RELPROBE mode=0 myNID=34 caller[obj=21,nid=34] targNID=33 stack[obj=18,nid=33,avatar=True] exists=True bucketMismatch=False
RELPROBE mode=0 myNID=34 caller[obj=21,nid=34] targNID=33 stack[obj=18,nid=33,avatar=True] exists=True bucketMismatch=False
RELPROBE mode=0 myNID=34 caller[obj=21,nid=34] targNID=33 stack[obj=18,nid=33,avatar=True] exists=True bucketMismatch=False
RELPROBE mode=0 myNID=34 caller[obj=21,nid=34] targNID=33 stack[obj=18,nid=33,avatar=True] exists=True bucketMismatch=False
RELPROBE mode=0 myNID=34 caller[obj=21,nid=34] targNID=33 stack[obj=18,nid=33,avatar=True] exists=True bucketMismatch=False
RELPROBE mode=0 myNID=34 caller[obj=21,nid=34] targNID=33 stack[obj=18,nid=33,avatar=True] exists=True bucketMismatch=False
RELPROBE mode=0 myNID=34 caller[obj=21,nid=34] targNID=33 stack[obj=18,nid=33,avatar=True] exists=True bucketMismatch=False
RELPROBE mode=0 myNID=34 caller[obj=21,nid=34] targNID=33 stack[obj=18,nid=33,avatar=True] exists=True bucketMismatch=False
RELPROBE mode=0 myNID=34 caller[obj=21,nid=34] targNID=33 stack[obj=18,nid=33,avatar=True] exists=True bucketMismatch=False
RELPROBE mode=0 myNID=34 caller[obj=21,nid=34] targNID=33 stack[obj=18,nid=33,avatar=True] exists=True bucketMismatch=False
RELPROBE mode=0 myNID=34 caller[obj=21,nid=34] targNID=33 stack[obj=18,nid=33,avatar=True] exists=True bucketMismatch=False
RELPROBE mode=0 myNID=34 caller[obj=21,nid=34] targNID=33 stack[obj=18,nid=33,avatar=True] exists=True bucketMismatch=False
RELPROBE mode=0 myNID=34 caller[obj=21,nid=34] targNID=33 stack[obj=18,nid=33,avatar=True] exists=True bucketMismatch=False
RELPROBE mode=0 myNID=34 caller[obj=21,nid=34] targNID=33 stack[obj=18,nid=33,avatar=True] exists=True bucketMismatch=False
RELPROBE mode=0 myNID=34 caller[obj=21,nid=34] targNID=33 stack[obj=18,nid=33,avatar=True] exists=True bucketMismatch=False
RELPROBE mode=0 myNID=34 caller[obj=21,nid=34] targNID=33 stack[obj=18,nid=33,avatar=True] exists=True bucketMismatch=False
RELPROBE mode=0 myNID=34 caller[obj=21,nid=34] targNID=33 stack[obj=18,nid=33,avatar=True] exists=True bucketMismatch=False
RELPROBE mode=0 myNID=34 caller[obj=21,nid=34] targNID=33 stack[obj=18,nid=33,avatar=True] exists=True bucketMismatch=False
RELPROBE mode=0 myNID=34 caller[obj=21,nid=34] targNID=33 stack[obj=18,nid=33,avatar=True] exists=True bucketMismatch=False
RELPROBE mode=0 myNID=34 caller[obj=21,nid=34] targNID=33 stack[obj=18,nid=33,avatar=True] exists=True bucketMismatch=False
RELPROBE mode=0 myNID=34 caller[obj=21,nid=34] targNID=33 stack[obj=18,nid=33,avatar=True] exists=True bucketMismatch=False
RELPROBE mode=0 myNID=34 caller[obj=21,nid=34] targNID=33 stack[obj=18,nid=33,avatar=True] exists=True bucketMismatch=False
RELPROBE mode=0 myNID=34 caller[obj=21,nid=34] targNID=33 stack[obj=18,nid=33,avatar=True] exists=True bucketMismatch=False
RELPROBE mode=0 myNID=34 caller[obj=21,nid=34] targNID=33 stack[obj=18,nid=33,avatar=True] exists=True bucketMismatch=False
RELPROBE mode=0 myNID=34 caller[obj=21,nid=34] targNID=33 stack[obj=18,nid=33,avatar=True] exists=True bucketMismatch=False
RELPROBE mode=0 myNID=34 caller[obj=21,nid=34] targNID=33 stack[obj=18,nid=33,avatar=True] exists=True bucketMismatch=False
07:24:24.441 autotest: AUTOTEST carseek minute=6:46 carEnt=1 maxCarEnt=1 portalEnt=1 careerFrames=600 distinct=2 jobPerfLvlChanged=False
07:24:25.441 autotest: AUTOTEST carseek minute=6:47 carEnt=1 maxCarEnt=1 portalEnt=1 careerFrames=720 distinct=2 jobPerfLvlChanged=False
07:24:26.441 autotest: AUTOTEST carseek minute=6:48 carEnt=1 maxCarEnt=1 portalEnt=1 careerFrames=840 distinct=2 jobPerfLvlChanged=False
07:24:27.441 autotest: AUTOTEST carseek minute=6:49 carEnt=1 maxCarEnt=1 portalEnt=1 careerFrames=960 distinct=2 jobPerfLvlChanged=False
07:24:28.441 autotest: AUTOTEST carseek minute=6:50 carEnt=1 maxCarEnt=1 portalEnt=1 careerFrames=1080 distinct=2 jobPerfLvlChanged=False
07:24:29.441 autotest: AUTOTEST carseek minute=6:51 carEnt=1 maxCarEnt=1 portalEnt=1 careerFrames=1200 distinct=2 jobPerfLvlChanged=False
07:24:30.441 autotest: AUTOTEST carseek minute=6:52 carEnt=1 maxCarEnt=1 portalEnt=1 careerFrames=1320 distinct=2 jobPerfLvlChanged=False
07:24:31.441 autotest: AUTOTEST carseek minute=6:53 carEnt=1 maxCarEnt=1 portalEnt=1 careerFrames=1440 distinct=2 jobPerfLvlChanged=False
07:24:32.441 autotest: AUTOTEST carseek minute=6:54 carEnt=1 maxCarEnt=1 portalEnt=1 careerFrames=1560 distinct=2 jobPerfLvlChanged=False
07:24:33.441 autotest: AUTOTEST carseek minute=6:55 carEnt=1 maxCarEnt=1 portalEnt=1 careerFrames=1680 distinct=2 jobPerfLvlChanged=False
07:24:34.457 autotest: AUTOTEST carseek minute=6:56 carEnt=1 maxCarEnt=1 portalEnt=1 careerFrames=1800 distinct=2 jobPerfLvlChanged=False
07:24:35.441 autotest: AUTOTEST carseek minute=6:57 carEnt=1 maxCarEnt=1 portalEnt=1 careerFrames=1920 distinct=2 jobPerfLvlChanged=False
07:24:36.441 autotest: AUTOTEST carseek minute=6:58 carEnt=1 maxCarEnt=1 portalEnt=1 careerFrames=2040 distinct=2 jobPerfLvlChanged=False
07:24:37.441 autotest: AUTOTEST carseek minute=6:59 carEnt=1 maxCarEnt=1 portalEnt=1 careerFrames=2160 distinct=2 jobPerfLvlChanged=False
07:24:38.441 autotest: AUTOTEST carseek unpause (stale-dialog-latch obj8 released)
07:24:38.446 autotest: AUTOTEST carseek first-seen id=4100 label=process owner=CarPortal.iff sg=
07:24:38.446 autotest: AUTOTEST carseek first-seen id=4125 label=process warnings car pools owner=CarPortal.iff sg=
07:24:38.446 autotest: AUTOTEST carseek portal-stack [4096:2][4100:46][4125:15] stkObj=16 bs=VMDialogResult
07:24:38.446 autotest: AUTOTEST carseek minute=7:00 carEnt=1 maxCarEnt=1 portalEnt=1 careerFrames=2281 distinct=4 jobPerfLvlChanged=False attrs[0=0,1=0,2=0,3=0,4=0,5=0,6=0,7=0,8=-1]
07:24:38.450 autotest: AUTOTEST carseek dialog-state gbd=null speed=1 portalBS=VMDialogResult wait=0
07:24:38.450 autotest: AUTOTEST carseek gate-replica hour=7 [obj=16 w56=-1 w57=4 w69=0 start=-1 | obj=18 w56=0 w57=0 w69=0 start=-1 | obj=21 w56=9 w57=0 w69=0 start=9]
07:24:39.442 autotest: AUTOTEST carseek minute=7:01 carEnt=1 maxCarEnt=1 portalEnt=1 careerFrames=2461 distinct=4 jobPerfLvlChanged=False attrs[0=0,1=0,2=0,3=0,4=0,5=0,6=0,7=0,8=-1]
07:24:40.441 autotest: AUTOTEST carseek minute=7:02 carEnt=1 maxCarEnt=1 portalEnt=1 careerFrames=2641 distinct=4 jobPerfLvlChanged=False attrs[0=0,1=0,2=0,3=0,4=0,5=0,6=0,7=0,8=-1]
07:24:41.441 autotest: AUTOTEST carseek minute=7:03 carEnt=1 maxCarEnt=1 portalEnt=1 careerFrames=2821 distinct=4 jobPerfLvlChanged=False attrs[0=0,1=0,2=0,3=0,4=0,5=0,6=0,7=0,8=-1]
07:24:42.442 autotest: AUTOTEST carseek minute=7:04 carEnt=1 maxCarEnt=1 portalEnt=1 careerFrames=3001 distinct=4 jobPerfLvlChanged=False attrs[0=0,1=0,2=0,3=0,4=0,5=0,6=0,7=0,8=-1]
07:24:43.441 autotest: AUTOTEST carseek minute=7:05 carEnt=1 maxCarEnt=1 portalEnt=1 careerFrames=3181 distinct=4 jobPerfLvlChanged=False attrs[0=0,1=0,2=0,3=0,4=0,5=0,6=0,7=0,8=-1]
07:24:44.441 autotest: AUTOTEST carseek minute=7:06 carEnt=1 maxCarEnt=1 portalEnt=1 careerFrames=3361 distinct=4 jobPerfLvlChanged=False
07:24:45.441 autotest: AUTOTEST carseek minute=7:07 carEnt=1 maxCarEnt=1 portalEnt=1 careerFrames=3541 distinct=4 jobPerfLvlChanged=False
07:24:46.441 autotest: AUTOTEST carseek minute=7:08 carEnt=1 maxCarEnt=1 portalEnt=1 careerFrames=3721 distinct=4 jobPerfLvlChanged=False
07:24:47.441 autotest: AUTOTEST carseek minute=7:09 carEnt=1 maxCarEnt=1 portalEnt=1 careerFrames=3901 distinct=4 jobPerfLvlChanged=False
07:24:48.441 autotest: AUTOTEST carseek minute=7:10 carEnt=1 maxCarEnt=1 portalEnt=1 careerFrames=4081 distinct=4 jobPerfLvlChanged=False
07:24:49.441 autotest: AUTOTEST carseek minute=7:11 carEnt=1 maxCarEnt=1 portalEnt=1 careerFrames=4261 distinct=4 jobPerfLvlChanged=False
07:24:50.441 autotest: AUTOTEST carseek minute=7:12 carEnt=1 maxCarEnt=1 portalEnt=1 careerFrames=4441 distinct=4 jobPerfLvlChanged=False
07:24:51.441 autotest: AUTOTEST carseek minute=7:13 carEnt=1 maxCarEnt=1 portalEnt=1 careerFrames=4621 distinct=4 jobPerfLvlChanged=False
07:24:52.441 autotest: AUTOTEST carseek minute=7:14 carEnt=1 maxCarEnt=1 portalEnt=1 careerFrames=4801 distinct=4 jobPerfLvlChanged=False
07:24:53.442 autotest: AUTOTEST carseek minute=7:15 carEnt=1 maxCarEnt=1 portalEnt=1 careerFrames=4981 distinct=4 jobPerfLvlChanged=False
07:24:54.441 autotest: AUTOTEST carseek minute=7:16 carEnt=1 maxCarEnt=1 portalEnt=1 careerFrames=5161 distinct=4 jobPerfLvlChanged=False
07:24:55.441 autotest: AUTOTEST carseek minute=7:17 carEnt=1 maxCarEnt=1 portalEnt=1 careerFrames=5341 distinct=4 jobPerfLvlChanged=False
07:24:56.459 autotest: AUTOTEST carseek minute=7:18 carEnt=1 maxCarEnt=1 portalEnt=1 careerFrames=5521 distinct=4 jobPerfLvlChanged=False
07:24:57.441 autotest: AUTOTEST carseek minute=7:19 carEnt=1 maxCarEnt=1 portalEnt=1 careerFrames=5701 distinct=4 jobPerfLvlChanged=False
07:24:58.441 autotest: AUTOTEST carseek minute=7:20 carEnt=1 maxCarEnt=1 portalEnt=1 careerFrames=5881 distinct=4 jobPerfLvlChanged=False
07:24:59.441 autotest: AUTOTEST carseek minute=7:21 carEnt=1 maxCarEnt=1 portalEnt=1 careerFrames=6061 distinct=4 jobPerfLvlChanged=False
07:25:00.442 autotest: AUTOTEST carseek minute=7:22 carEnt=1 maxCarEnt=1 portalEnt=1 careerFrames=6241 distinct=4 jobPerfLvlChanged=False
07:25:01.441 autotest: AUTOTEST carseek minute=7:23 carEnt=1 maxCarEnt=1 portalEnt=1 careerFrames=6421 distinct=4 jobPerfLvlChanged=False
07:25:02.441 autotest: AUTOTEST carseek minute=7:24 carEnt=1 maxCarEnt=1 portalEnt=1 careerFrames=6601 distinct=4 jobPerfLvlChanged=False
07:25:03.441 autotest: AUTOTEST carseek minute=7:25 carEnt=1 maxCarEnt=1 portalEnt=1 careerFrames=6781 distinct=4 jobPerfLvlChanged=False
07:25:04.441 autotest: AUTOTEST carseek minute=7:26 carEnt=1 maxCarEnt=1 portalEnt=1 careerFrames=6961 distinct=4 jobPerfLvlChanged=False
07:25:05.441 autotest: AUTOTEST carseek minute=7:27 carEnt=1 maxCarEnt=1 portalEnt=1 careerFrames=7141 distinct=4 jobPerfLvlChanged=False
07:25:06.441 autotest: AUTOTEST carseek minute=7:28 carEnt=1 maxCarEnt=1 portalEnt=1 careerFrames=7321 distinct=4 jobPerfLvlChanged=False
07:25:07.442 autotest: AUTOTEST carseek minute=7:29 carEnt=1 maxCarEnt=1 portalEnt=1 careerFrames=7501 distinct=4 jobPerfLvlChanged=False
07:25:08.441 autotest: AUTOTEST carseek minute=7:30 carEnt=1 maxCarEnt=1 portalEnt=1 careerFrames=7681 distinct=4 jobPerfLvlChanged=False
07:25:09.441 autotest: AUTOTEST carseek minute=7:31 carEnt=1 maxCarEnt=1 portalEnt=1 careerFrames=7861 distinct=4 jobPerfLvlChanged=False
07:25:10.441 autotest: AUTOTEST carseek minute=7:32 carEnt=1 maxCarEnt=1 portalEnt=1 careerFrames=8041 distinct=4 jobPerfLvlChanged=False
07:25:11.441 autotest: AUTOTEST carseek minute=7:33 carEnt=1 maxCarEnt=1 portalEnt=1 careerFrames=8221 distinct=4 jobPerfLvlChanged=False
07:25:12.441 autotest: AUTOTEST carseek minute=7:34 carEnt=1 maxCarEnt=1 portalEnt=1 careerFrames=8401 distinct=4 jobPerfLvlChanged=False
07:25:13.441 autotest: AUTOTEST carseek minute=7:35 carEnt=1 maxCarEnt=1 portalEnt=1 careerFrames=8581 distinct=4 jobPerfLvlChanged=False
07:25:14.442 autotest: AUTOTEST carseek minute=7:36 carEnt=1 maxCarEnt=1 portalEnt=1 careerFrames=8761 distinct=4 jobPerfLvlChanged=False
07:25:15.441 autotest: AUTOTEST carseek minute=7:37 carEnt=1 maxCarEnt=1 portalEnt=1 careerFrames=8941 distinct=4 jobPerfLvlChanged=False
07:25:16.441 autotest: AUTOTEST carseek minute=7:38 carEnt=1 maxCarEnt=1 portalEnt=1 careerFrames=9121 distinct=4 jobPerfLvlChanged=False
07:25:17.441 autotest: AUTOTEST carseek minute=7:39 carEnt=1 maxCarEnt=1 portalEnt=1 careerFrames=9301 distinct=4 jobPerfLvlChanged=False
07:25:18.441 autotest: AUTOTEST carseek minute=7:40 carEnt=1 maxCarEnt=1 portalEnt=1 careerFrames=9481 distinct=4 jobPerfLvlChanged=False
07:25:19.441 autotest: AUTOTEST carseek minute=7:41 carEnt=1 maxCarEnt=1 portalEnt=1 careerFrames=9661 distinct=4 jobPerfLvlChanged=False
07:25:20.441 autotest: AUTOTEST carseek minute=7:42 carEnt=1 maxCarEnt=1 portalEnt=1 careerFrames=9841 distinct=4 jobPerfLvlChanged=False
07:25:21.441 autotest: AUTOTEST carseek minute=7:43 carEnt=1 maxCarEnt=1 portalEnt=1 careerFrames=10021 distinct=4 jobPerfLvlChanged=False
07:25:22.441 autotest: AUTOTEST carseek minute=7:44 carEnt=1 maxCarEnt=1 portalEnt=1 careerFrames=10201 distinct=4 jobPerfLvlChanged=False
07:25:23.441 autotest: AUTOTEST carseek minute=7:45 carEnt=1 maxCarEnt=1 portalEnt=1 careerFrames=10381 distinct=4 jobPerfLvlChanged=False
07:25:24.441 autotest: AUTOTEST carseek minute=7:46 carEnt=1 maxCarEnt=1 portalEnt=1 careerFrames=10561 distinct=4 jobPerfLvlChanged=False
07:25:25.442 autotest: AUTOTEST carseek minute=7:47 carEnt=1 maxCarEnt=1 portalEnt=1 careerFrames=10741 distinct=4 jobPerfLvlChanged=False
07:25:26.441 autotest: AUTOTEST carseek minute=7:48 carEnt=1 maxCarEnt=1 portalEnt=1 careerFrames=10921 distinct=4 jobPerfLvlChanged=False
07:25:27.442 autotest: AUTOTEST carseek minute=7:49 carEnt=1 maxCarEnt=1 portalEnt=1 careerFrames=11101 distinct=4 jobPerfLvlChanged=False
07:25:28.441 autotest: AUTOTEST carseek minute=7:50 carEnt=1 maxCarEnt=1 portalEnt=1 careerFrames=11281 distinct=4 jobPerfLvlChanged=False
07:25:29.441 autotest: AUTOTEST carseek minute=7:51 carEnt=1 maxCarEnt=1 portalEnt=1 careerFrames=11461 distinct=4 jobPerfLvlChanged=False
07:25:30.441 autotest: AUTOTEST carseek minute=7:52 carEnt=1 maxCarEnt=1 portalEnt=1 careerFrames=11641 distinct=4 jobPerfLvlChanged=False
07:25:31.441 autotest: AUTOTEST carseek minute=7:53 carEnt=1 maxCarEnt=1 portalEnt=1 careerFrames=11821 distinct=4 jobPerfLvlChanged=False
07:25:32.441 autotest: AUTOTEST carseek minute=7:54 carEnt=1 maxCarEnt=1 portalEnt=1 careerFrames=12001 distinct=4 jobPerfLvlChanged=False
07:25:33.441 autotest: AUTOTEST carseek minute=7:55 carEnt=1 maxCarEnt=1 portalEnt=1 careerFrames=12181 distinct=4 jobPerfLvlChanged=False
07:25:34.441 autotest: AUTOTEST carseek minute=7:56 carEnt=1 maxCarEnt=1 portalEnt=1 careerFrames=12361 distinct=4 jobPerfLvlChanged=False
07:25:35.441 autotest: AUTOTEST carseek minute=7:57 carEnt=1 maxCarEnt=1 portalEnt=1 careerFrames=12541 distinct=4 jobPerfLvlChanged=False
07:25:36.441 autotest: AUTOTEST carseek minute=7:58 carEnt=1 maxCarEnt=1 portalEnt=1 careerFrames=12721 distinct=4 jobPerfLvlChanged=False
07:25:37.441 autotest: AUTOTEST carseek minute=7:59 carEnt=1 maxCarEnt=1 portalEnt=1 careerFrames=12901 distinct=4 jobPerfLvlChanged=False
07:25:38.441 autotest: AUTOTEST carseek minute=8:00 carEnt=1 maxCarEnt=1 portalEnt=1 careerFrames=13081 distinct=4 jobPerfLvlChanged=False attrs[0=0,1=0,2=0,3=0,4=0,5=0,6=0,7=0,8=-1]
07:25:38.452 autotest: AUTOTEST carseek dialog-state gbd=null speed=1 portalBS=VMDialogResult wait=1800
07:25:38.453 autotest: AUTOTEST carseek gate-replica hour=8 [obj=16 w56=-1 w57=4 w69=0 start=-1 | obj=18 w56=0 w57=0 w69=0 start=-1 | obj=21 w56=9 w57=0 w69=0 start=9 BOOKMARK-NOW]
[CarCreate] obj=310 iff=CarJunk.iff guid=0x4B71ECDA by=8/CarPortal.iff routine=4106:20 stkObj=8
07:25:38.515 autotest: AUTOTEST carseek spawn-detail n=1 [298(g310x18@43,36),308(g310x18@44,36),310(g310x18@45,36),311(g310x18@43,33),312(g310x18@45,32),313(g310x18@44,32),314(g310x18@43,32),315(g310x18@45,31),316(g310x18@44,31),317(g310x18@43,31),318(g310x18@44,33),319(g310x18@43,35),320(g310x18@45,35),321(g310x18@44,35),322(g310x18@45,33),323(g310x18@43,34),324(g310x18@44,34),325(g310x18@45,34)]
07:25:38.517 autotest: AUTOTEST carseek car-entity-change carEnt=19 present=[CarPortal.iff#id8,CarJunk.iff#id298#guid1265757402,CarJunk.iff#id308#guid1265757402,CarJunk.iff#id310#guid1265757402,CarJunk.iff#id311#guid1265757402,CarJunk.iff#id312#guid1265757402,CarJunk.iff#id313#guid1265757402,CarJunk.iff#id314#guid1265757402,CarJunk.iff#id315#guid1265757402,CarJunk.iff#id316#guid1265757402,CarJunk.iff#id317#guid1265757402,CarJunk.iff#id318#guid1265757402,CarJunk.iff#id319#guid1265757402,CarJunk.iff#id320#guid1265757402,CarJunk.iff#id321#guid1265757402,CarJunk.iff#id322#guid1265757402,CarJunk.iff#id323#guid1265757402,CarJunk.iff#id324#guid1265757402,CarJunk.iff#id325#guid1265757402]
07:25:38.517 autotest: AUTOTEST carseek portal-stack [4096:1][280:0] stkObj=0 bs=-
07:25:38.518 autotest: AUTOTEST carseek first-seen id=8192 label=shared main owner=CarJunk.iff sg=carglobals.iff
07:25:39.441 autotest: AUTOTEST carseek minute=8:01 carEnt=19 maxCarEnt=19 portalEnt=1 careerFrames=16316 distinct=5 jobPerfLvlChanged=False attrs[0=9,1=7,2=0,3=1,4=310,5=16,6=1800,7=0,8=0]
07:25:40.141 autotest: AUTOTEST carseek first-seen id=4102 label=At Work owner=CarPortal.iff sg=
07:25:40.146 autotest: AUTOTEST carseek first-seen id=4110 label=ensure stand owner=CarPortal.iff sg=
07:25:40.147 autotest: AUTOTEST carseek first-seen id=382 label=ensure Sim is standing owner=CarPortal.iff sg=
07:25:40.464 autotest: AUTOTEST carseek minute=8:02 carEnt=19 maxCarEnt=19 portalEnt=1 careerFrames=19731 distinct=8 jobPerfLvlChanged=False attrs[0=9,1=7,2=0,3=1,4=310,5=16,6=1800,7=0,8=0]
07:25:41.442 autotest: AUTOTEST carseek minute=8:03 carEnt=19 maxCarEnt=19 portalEnt=1 careerFrames=23271 distinct=8 jobPerfLvlChanged=False attrs[0=9,1=7,2=0,3=1,4=310,5=16,6=1800,7=0,8=0]
07:25:41.508 autotest: AUTOTEST carseek first-seen id=4116 label=At School owner=CarPortal.iff sg=
07:25:42.442 autotest: AUTOTEST carseek minute=8:04 carEnt=19 maxCarEnt=19 portalEnt=1 careerFrames=26982 distinct=9 jobPerfLvlChanged=False attrs[0=9,1=7,2=0,3=1,4=310,5=16,6=1800,7=0,8=0]
07:25:42.808 autotest: AUTOTEST carseek first-seen id=4105 label=send to work owner=CarPortal.iff sg=
07:25:43.341 autotest: AUTOTEST carseek first-seen id=4121 label=send person to work owner=CarJunk.iff sg=carglobals.iff
07:25:43.441 autotest: AUTOTEST carseek minute=8:05 carEnt=19 maxCarEnt=19 portalEnt=1 careerFrames=30670 distinct=11 jobPerfLvlChanged=False attrs[0=9,1=7,2=0,3=1,4=310,5=16,6=1800,7=0,8=0]
07:25:44.442 autotest: AUTOTEST carseek minute=8:06 carEnt=19 maxCarEnt=19 portalEnt=1 careerFrames=34390 distinct=11 jobPerfLvlChanged=False
07:25:45.444 autotest: AUTOTEST carseek minute=8:07 carEnt=19 maxCarEnt=19 portalEnt=1 careerFrames=38110 distinct=11 jobPerfLvlChanged=False
07:25:46.442 autotest: AUTOTEST carseek minute=8:08 carEnt=19 maxCarEnt=19 portalEnt=1 careerFrames=41830 distinct=11 jobPerfLvlChanged=False
07:25:47.444 autotest: AUTOTEST carseek minute=8:09 carEnt=19 maxCarEnt=19 portalEnt=1 careerFrames=45550 distinct=11 jobPerfLvlChanged=False
07:25:48.442 autotest: AUTOTEST carseek minute=8:10 carEnt=19 maxCarEnt=19 portalEnt=1 careerFrames=49270 distinct=11 jobPerfLvlChanged=False
07:25:49.442 autotest: AUTOTEST carseek minute=8:11 carEnt=19 maxCarEnt=19 portalEnt=1 careerFrames=52990 distinct=11 jobPerfLvlChanged=False
07:25:50.442 autotest: AUTOTEST carseek minute=8:12 carEnt=19 maxCarEnt=19 portalEnt=1 careerFrames=56710 distinct=11 jobPerfLvlChanged=False
07:25:51.442 autotest: AUTOTEST carseek minute=8:13 carEnt=19 maxCarEnt=19 portalEnt=1 careerFrames=60430 distinct=11 jobPerfLvlChanged=False
07:25:52.442 autotest: AUTOTEST carseek minute=8:14 carEnt=19 maxCarEnt=19 portalEnt=1 careerFrames=64150 distinct=11 jobPerfLvlChanged=False
07:25:53.442 autotest: AUTOTEST carseek minute=8:15 carEnt=19 maxCarEnt=19 portalEnt=1 careerFrames=67870 distinct=11 jobPerfLvlChanged=False
07:25:54.441 autotest: AUTOTEST carseek minute=8:16 carEnt=19 maxCarEnt=19 portalEnt=1 careerFrames=71590 distinct=11 jobPerfLvlChanged=False
07:25:55.441 autotest: AUTOTEST carseek minute=8:17 carEnt=19 maxCarEnt=19 portalEnt=1 careerFrames=75310 distinct=11 jobPerfLvlChanged=False
07:25:56.442 autotest: AUTOTEST carseek minute=8:18 carEnt=19 maxCarEnt=19 portalEnt=1 careerFrames=79030 distinct=11 jobPerfLvlChanged=False
07:25:57.444 autotest: AUTOTEST carseek minute=8:19 carEnt=19 maxCarEnt=19 portalEnt=1 careerFrames=82750 distinct=11 jobPerfLvlChanged=False
07:25:58.442 autotest: AUTOTEST carseek minute=8:20 carEnt=19 maxCarEnt=19 portalEnt=1 careerFrames=86470 distinct=11 jobPerfLvlChanged=False
07:25:59.442 autotest: AUTOTEST carseek minute=8:21 carEnt=19 maxCarEnt=19 portalEnt=1 careerFrames=90190 distinct=11 jobPerfLvlChanged=False
07:26:00.443 autotest: AUTOTEST carseek minute=8:22 carEnt=19 maxCarEnt=19 portalEnt=1 careerFrames=93910 distinct=11 jobPerfLvlChanged=False
07:26:01.442 autotest: AUTOTEST carseek minute=8:23 carEnt=19 maxCarEnt=19 portalEnt=1 careerFrames=97630 distinct=11 jobPerfLvlChanged=False
07:26:02.476 autotest: AUTOTEST carseek minute=8:24 carEnt=19 maxCarEnt=19 portalEnt=1 careerFrames=101350 distinct=11 jobPerfLvlChanged=False
07:26:03.442 autotest: AUTOTEST carseek minute=8:25 carEnt=19 maxCarEnt=19 portalEnt=1 careerFrames=105070 distinct=11 jobPerfLvlChanged=False
07:26:04.442 autotest: AUTOTEST carseek minute=8:26 carEnt=19 maxCarEnt=19 portalEnt=1 careerFrames=108790 distinct=11 jobPerfLvlChanged=False
07:26:05.442 autotest: AUTOTEST carseek minute=8:27 carEnt=19 maxCarEnt=19 portalEnt=1 careerFrames=112510 distinct=11 jobPerfLvlChanged=False
07:26:06.443 autotest: AUTOTEST carseek minute=8:28 carEnt=19 maxCarEnt=19 portalEnt=1 careerFrames=116230 distinct=11 jobPerfLvlChanged=False
07:26:07.443 autotest: AUTOTEST carseek minute=8:29 carEnt=19 maxCarEnt=19 portalEnt=1 careerFrames=119950 distinct=11 jobPerfLvlChanged=False
07:26:08.444 autotest: AUTOTEST carseek minute=8:30 carEnt=19 maxCarEnt=19 portalEnt=1 careerFrames=123670 distinct=11 jobPerfLvlChanged=False
07:26:09.443 autotest: AUTOTEST carseek minute=8:31 carEnt=19 maxCarEnt=19 portalEnt=1 careerFrames=127390 distinct=11 jobPerfLvlChanged=False
07:26:10.444 autotest: AUTOTEST carseek minute=8:32 carEnt=19 maxCarEnt=19 portalEnt=1 careerFrames=131110 distinct=11 jobPerfLvlChanged=False
07:26:11.444 autotest: AUTOTEST carseek minute=8:33 carEnt=19 maxCarEnt=19 portalEnt=1 careerFrames=134830 distinct=11 jobPerfLvlChanged=False
07:26:12.444 autotest: AUTOTEST carseek minute=8:34 carEnt=19 maxCarEnt=19 portalEnt=1 careerFrames=138484 distinct=11 jobPerfLvlChanged=True
07:26:13.442 autotest: AUTOTEST carseek minute=8:35 carEnt=19 maxCarEnt=19 portalEnt=1 careerFrames=142084 distinct=11 jobPerfLvlChanged=True
07:26:13.709 autotest: AUTOTEST carseek first-seen id=8205 label=drive away owner=CarJunk.iff sg=carglobals.iff
07:26:14.442 autotest: AUTOTEST carseek minute=8:36 carEnt=19 maxCarEnt=19 portalEnt=1 careerFrames=145729 distinct=12 jobPerfLvlChanged=True
07:26:15.445 autotest: AUTOTEST carseek minute=8:37 carEnt=19 maxCarEnt=19 portalEnt=1 careerFrames=149389 distinct=12 jobPerfLvlChanged=True
07:26:16.442 autotest: AUTOTEST carseek minute=8:38 carEnt=19 maxCarEnt=19 portalEnt=1 careerFrames=153049 distinct=12 jobPerfLvlChanged=True
07:26:17.442 autotest: AUTOTEST carseek minute=8:39 carEnt=19 maxCarEnt=19 portalEnt=1 careerFrames=156709 distinct=12 jobPerfLvlChanged=True
07:26:18.444 autotest: AUTOTEST carseek minute=8:40 carEnt=19 maxCarEnt=19 portalEnt=1 careerFrames=160369 distinct=12 jobPerfLvlChanged=True
07:26:19.443 autotest: AUTOTEST carseek minute=8:41 carEnt=19 maxCarEnt=19 portalEnt=1 careerFrames=164029 distinct=12 jobPerfLvlChanged=True
07:26:20.442 autotest: AUTOTEST carseek minute=8:42 carEnt=19 maxCarEnt=19 portalEnt=1 careerFrames=167689 distinct=12 jobPerfLvlChanged=True
07:26:21.446 autotest: AUTOTEST carseek minute=8:43 carEnt=19 maxCarEnt=19 portalEnt=1 careerFrames=171349 distinct=12 jobPerfLvlChanged=True
07:26:22.442 autotest: AUTOTEST carseek minute=8:44 carEnt=19 maxCarEnt=19 portalEnt=1 careerFrames=175009 distinct=12 jobPerfLvlChanged=True
07:26:23.442 autotest: AUTOTEST carseek minute=8:45 carEnt=19 maxCarEnt=19 portalEnt=1 careerFrames=178669 distinct=12 jobPerfLvlChanged=True
07:26:24.463 autotest: AUTOTEST carseek minute=8:46 carEnt=19 maxCarEnt=19 portalEnt=1 careerFrames=182329 distinct=12 jobPerfLvlChanged=True
07:26:25.446 autotest: AUTOTEST carseek minute=8:47 carEnt=19 maxCarEnt=19 portalEnt=1 careerFrames=185989 distinct=12 jobPerfLvlChanged=True
07:26:26.444 autotest: AUTOTEST carseek minute=8:48 carEnt=19 maxCarEnt=19 portalEnt=1 careerFrames=189649 distinct=12 jobPerfLvlChanged=True
07:26:27.442 autotest: AUTOTEST carseek minute=8:49 carEnt=19 maxCarEnt=19 portalEnt=1 careerFrames=193309 distinct=12 jobPerfLvlChanged=True
07:26:28.443 autotest: AUTOTEST carseek minute=8:50 carEnt=19 maxCarEnt=19 portalEnt=1 careerFrames=196969 distinct=12 jobPerfLvlChanged=True
07:26:29.443 autotest: AUTOTEST carseek minute=8:51 carEnt=19 maxCarEnt=19 portalEnt=1 careerFrames=200629 distinct=12 jobPerfLvlChanged=True
07:26:30.443 autotest: AUTOTEST carseek minute=8:52 carEnt=19 maxCarEnt=19 portalEnt=1 careerFrames=204289 distinct=12 jobPerfLvlChanged=True
07:26:31.443 autotest: AUTOTEST carseek minute=8:53 carEnt=19 maxCarEnt=19 portalEnt=1 careerFrames=207949 distinct=12 jobPerfLvlChanged=True
07:26:32.444 autotest: AUTOTEST carseek minute=8:54 carEnt=19 maxCarEnt=19 portalEnt=1 careerFrames=211609 distinct=12 jobPerfLvlChanged=True
07:26:33.446 autotest: AUTOTEST carseek minute=8:55 carEnt=19 maxCarEnt=19 portalEnt=1 careerFrames=215269 distinct=12 jobPerfLvlChanged=True
07:26:34.446 autotest: AUTOTEST carseek minute=8:56 carEnt=19 maxCarEnt=19 portalEnt=1 careerFrames=218929 distinct=12 jobPerfLvlChanged=True
07:26:35.443 autotest: AUTOTEST carseek minute=8:57 carEnt=19 maxCarEnt=19 portalEnt=1 careerFrames=222589 distinct=12 jobPerfLvlChanged=True
07:26:36.443 autotest: AUTOTEST carseek minute=8:58 carEnt=19 maxCarEnt=19 portalEnt=1 careerFrames=226249 distinct=12 jobPerfLvlChanged=True
07:26:37.448 autotest: AUTOTEST carseek minute=8:59 carEnt=19 maxCarEnt=19 portalEnt=1 careerFrames=229909 distinct=12 jobPerfLvlChanged=True
07:26:38.443 autotest: AUTOTEST carseek minute=9:00 carEnt=19 maxCarEnt=19 portalEnt=1 careerFrames=233569 distinct=12 jobPerfLvlChanged=True attrs[0=9,1=7,2=0,3=0,4=310,5=16,6=1800,7=0,8=0]
07:26:38.445 autotest: AUTOTEST carseek dialog-state gbd=null speed=1 portalBS=- wait=-
07:26:38.445 autotest: AUTOTEST carseek gate-replica hour=9 [obj=16 w56=-1 w57=4 w69=0 start=-1 | obj=18 w56=0 w57=0 w69=0 start=-1 | obj=21 w56=9 w57=0 w69=16 start=9]
07:26:39.505 autotest: AUTOTEST carseek minute=9:01 carEnt=19 maxCarEnt=19 portalEnt=1 careerFrames=237229 distinct=12 jobPerfLvlChanged=True attrs[0=-1,1=7,2=0,3=0,4=310,5=16,6=1600,7=0,8=-1]
07:26:40.446 autotest: AUTOTEST carseek minute=9:02 carEnt=19 maxCarEnt=19 portalEnt=1 careerFrames=240889 distinct=12 jobPerfLvlChanged=True attrs[0=-1,1=7,2=0,3=0,4=310,5=16,6=1600,7=0,8=-1]
07:26:40.642 autotest: AUTOTEST carseek unpause (stale-dialog-latch obj18 released)
07:26:41.443 autotest: AUTOTEST carseek minute=9:03 carEnt=19 maxCarEnt=19 portalEnt=1 careerFrames=244549 distinct=12 jobPerfLvlChanged=True attrs[0=-1,1=7,2=0,3=0,4=310,5=16,6=1600,7=0,8=-1]
07:26:42.443 autotest: AUTOTEST carseek minute=9:04 carEnt=19 maxCarEnt=19 portalEnt=1 careerFrames=248209 distinct=12 jobPerfLvlChanged=True attrs[0=-1,1=7,2=0,3=0,4=310,5=16,6=1600,7=0,8=-1]
07:26:43.443 autotest: AUTOTEST carseek minute=9:05 carEnt=19 maxCarEnt=19 portalEnt=1 careerFrames=251869 distinct=12 jobPerfLvlChanged=True attrs[0=-1,1=7,2=0,3=0,4=310,5=16,6=1600,7=0,8=-1]
07:26:44.447 autotest: AUTOTEST carseek minute=9:06 carEnt=19 maxCarEnt=19 portalEnt=1 careerFrames=255529 distinct=12 jobPerfLvlChanged=True
[CarCreate] obj=326 iff=People\PaperCarrierF1.iff guid=0xDD0A4385 by=6/PedPortal.iff routine=4104:1 stkObj=25
07:26:44.608 autotest: AUTOTEST carseek car-entity-change carEnt=20 present=[CarPortal.iff#id8,CarJunk.iff#id298#guid1265757402,CarJunk.iff#id308#guid1265757402,CarJunk.iff#id310#guid1265757402,CarJunk.iff#id311#guid1265757402,CarJunk.iff#id312#guid1265757402,CarJunk.iff#id313#guid1265757402,CarJunk.iff#id314#guid1265757402,CarJunk.iff#id315#guid1265757402,CarJunk.iff#id316#guid1265757402,CarJunk.iff#id317#guid1265757402,CarJunk.iff#id318#guid1265757402,CarJunk.iff#id319#guid1265757402,CarJunk.iff#id320#guid1265757402,CarJunk.iff#id321#guid1265757402,CarJunk.iff#id322#guid1265757402,CarJunk.iff#id323#guid1265757402,CarJunk.iff#id324#guid1265757402,CarJunk.iff#id325#guid1265757402,People\PaperCarrierF1.iff#id326]
07:26:45.444 autotest: AUTOTEST carseek minute=9:07 carEnt=20 maxCarEnt=20 portalEnt=1 careerFrames=259289 distinct=12 jobPerfLvlChanged=True
07:26:46.454 autotest: AUTOTEST carseek minute=9:08 carEnt=20 maxCarEnt=20 portalEnt=1 careerFrames=263069 distinct=12 jobPerfLvlChanged=True
07:26:47.454 autotest: AUTOTEST carseek minute=9:09 carEnt=20 maxCarEnt=20 portalEnt=1 careerFrames=266849 distinct=12 jobPerfLvlChanged=True
07:26:48.443 autotest: AUTOTEST carseek minute=9:10 carEnt=20 maxCarEnt=20 portalEnt=1 careerFrames=270629 distinct=12 jobPerfLvlChanged=True
07:26:49.445 autotest: AUTOTEST carseek minute=9:11 carEnt=20 maxCarEnt=20 portalEnt=1 careerFrames=274409 distinct=12 jobPerfLvlChanged=True
07:26:50.443 autotest: AUTOTEST carseek minute=9:12 carEnt=20 maxCarEnt=20 portalEnt=1 careerFrames=278189 distinct=12 jobPerfLvlChanged=True
07:26:51.445 autotest: AUTOTEST carseek minute=9:13 carEnt=20 maxCarEnt=20 portalEnt=1 careerFrames=281969 distinct=12 jobPerfLvlChanged=True
07:26:52.443 autotest: AUTOTEST carseek minute=9:14 carEnt=20 maxCarEnt=20 portalEnt=1 careerFrames=285749 distinct=12 jobPerfLvlChanged=True
07:26:53.443 autotest: AUTOTEST carseek minute=9:15 carEnt=20 maxCarEnt=20 portalEnt=1 careerFrames=289529 distinct=12 jobPerfLvlChanged=True
07:26:54.444 autotest: AUTOTEST carseek minute=9:16 carEnt=20 maxCarEnt=20 portalEnt=1 careerFrames=293309 distinct=12 jobPerfLvlChanged=True
07:26:55.447 autotest: AUTOTEST carseek minute=9:17 carEnt=20 maxCarEnt=20 portalEnt=1 careerFrames=297089 distinct=12 jobPerfLvlChanged=True
07:26:56.448 autotest: AUTOTEST carseek minute=9:18 carEnt=20 maxCarEnt=20 portalEnt=1 careerFrames=300869 distinct=12 jobPerfLvlChanged=True
07:26:57.443 autotest: AUTOTEST carseek minute=9:19 carEnt=20 maxCarEnt=20 portalEnt=1 careerFrames=304649 distinct=12 jobPerfLvlChanged=True
07:26:58.445 autotest: AUTOTEST carseek minute=9:20 carEnt=20 maxCarEnt=20 portalEnt=1 careerFrames=308429 distinct=12 jobPerfLvlChanged=True
07:26:59.449 autotest: AUTOTEST carseek minute=9:21 carEnt=20 maxCarEnt=20 portalEnt=1 careerFrames=312209 distinct=12 jobPerfLvlChanged=True
07:27:00.449 autotest: AUTOTEST carseek minute=9:22 carEnt=20 maxCarEnt=20 portalEnt=1 careerFrames=315989 distinct=12 jobPerfLvlChanged=True
07:27:01.445 autotest: AUTOTEST carseek minute=9:23 carEnt=20 maxCarEnt=20 portalEnt=1 careerFrames=319769 distinct=12 jobPerfLvlChanged=True
07:27:02.448 autotest: AUTOTEST carseek minute=9:24 carEnt=20 maxCarEnt=20 portalEnt=1 careerFrames=323549 distinct=12 jobPerfLvlChanged=True
07:27:02.528 autotest: AUTOTEST carseek first-seen id=4099 label=drop paper owner=People\PaperCarrierF1.iff sg=personglobals.iff
07:27:03.462 autotest: AUTOTEST carseek first-seen id=4106 label=special drop tabloid function owner=People\PaperCarrierF1.iff sg=personglobals.iff
07:27:03.465 autotest: AUTOTEST carseek minute=9:25 carEnt=20 maxCarEnt=20 portalEnt=1 careerFrames=327391 distinct=14 jobPerfLvlChanged=True
07:27:04.448 autotest: AUTOTEST carseek minute=9:26 carEnt=20 maxCarEnt=20 portalEnt=1 careerFrames=331291 distinct=14 jobPerfLvlChanged=True
07:27:05.444 autotest: AUTOTEST carseek minute=9:27 carEnt=20 maxCarEnt=20 portalEnt=1 careerFrames=335191 distinct=14 jobPerfLvlChanged=True
07:27:06.456 autotest: AUTOTEST carseek minute=9:28 carEnt=20 maxCarEnt=20 portalEnt=1 careerFrames=339091 distinct=14 jobPerfLvlChanged=True
07:27:07.448 autotest: AUTOTEST carseek minute=9:29 carEnt=20 maxCarEnt=20 portalEnt=1 careerFrames=342991 distinct=14 jobPerfLvlChanged=True
07:27:08.454 autotest: AUTOTEST carseek minute=9:30 carEnt=20 maxCarEnt=20 portalEnt=1 careerFrames=346858 distinct=14 jobPerfLvlChanged=True
07:27:08.795 autotest: AUTOTEST carseek first-seen id=368 label=Leave owner=People\PaperCarrierF1.iff sg=personglobals.iff
07:27:08.797 autotest: AUTOTEST carseek first-seen id=281 label=Wait For Notify owner=People\PaperCarrierF1.iff sg=personglobals.iff
07:27:09.450 autotest: AUTOTEST carseek minute=9:31 carEnt=20 maxCarEnt=20 portalEnt=1 careerFrames=350698 distinct=16 jobPerfLvlChanged=True
07:27:10.447 autotest: AUTOTEST carseek minute=9:32 carEnt=20 maxCarEnt=20 portalEnt=1 careerFrames=354538 distinct=16 jobPerfLvlChanged=True
07:27:11.448 autotest: AUTOTEST carseek minute=9:33 carEnt=20 maxCarEnt=20 portalEnt=1 careerFrames=358378 distinct=16 jobPerfLvlChanged=True
07:27:12.449 autotest: AUTOTEST carseek minute=9:34 carEnt=20 maxCarEnt=20 portalEnt=1 careerFrames=362218 distinct=16 jobPerfLvlChanged=True
07:27:13.444 autotest: AUTOTEST carseek minute=9:35 carEnt=20 maxCarEnt=20 portalEnt=1 careerFrames=366058 distinct=16 jobPerfLvlChanged=True
07:27:14.454 autotest: AUTOTEST carseek minute=9:36 carEnt=20 maxCarEnt=20 portalEnt=1 careerFrames=369898 distinct=16 jobPerfLvlChanged=True
07:27:15.450 autotest: AUTOTEST carseek minute=9:37 carEnt=20 maxCarEnt=20 portalEnt=1 careerFrames=373738 distinct=16 jobPerfLvlChanged=True
07:27:16.449 autotest: AUTOTEST carseek minute=9:38 carEnt=20 maxCarEnt=20 portalEnt=1 careerFrames=377578 distinct=16 jobPerfLvlChanged=True
07:27:17.449 autotest: AUTOTEST carseek minute=9:39 carEnt=20 maxCarEnt=20 portalEnt=1 careerFrames=381418 distinct=16 jobPerfLvlChanged=True
07:27:18.449 autotest: AUTOTEST carseek minute=9:40 carEnt=20 maxCarEnt=20 portalEnt=1 careerFrames=385258 distinct=16 jobPerfLvlChanged=True
07:27:19.450 autotest: AUTOTEST carseek minute=9:41 carEnt=20 maxCarEnt=20 portalEnt=1 careerFrames=389098 distinct=16 jobPerfLvlChanged=True
07:27:20.450 autotest: AUTOTEST carseek minute=9:42 carEnt=20 maxCarEnt=20 portalEnt=1 careerFrames=392938 distinct=16 jobPerfLvlChanged=True
07:27:21.447 autotest: AUTOTEST carseek minute=9:43 carEnt=20 maxCarEnt=20 portalEnt=1 careerFrames=396778 distinct=16 jobPerfLvlChanged=True
07:27:22.449 autotest: AUTOTEST carseek minute=9:44 carEnt=20 maxCarEnt=20 portalEnt=1 careerFrames=400618 distinct=16 jobPerfLvlChanged=True
07:27:23.450 autotest: AUTOTEST carseek minute=9:45 carEnt=20 maxCarEnt=20 portalEnt=1 careerFrames=404458 distinct=16 jobPerfLvlChanged=True
07:27:24.451 autotest: AUTOTEST carseek minute=9:46 carEnt=20 maxCarEnt=20 portalEnt=1 careerFrames=408298 distinct=16 jobPerfLvlChanged=True
07:27:24.585 autotest: AUTOTEST carseek car-entity-change carEnt=19 present=[CarPortal.iff#id8,CarJunk.iff#id298#guid1265757402,CarJunk.iff#id308#guid1265757402,CarJunk.iff#id310#guid1265757402,CarJunk.iff#id311#guid1265757402,CarJunk.iff#id312#guid1265757402,CarJunk.iff#id313#guid1265757402,CarJunk.iff#id314#guid1265757402,CarJunk.iff#id315#guid1265757402,CarJunk.iff#id316#guid1265757402,CarJunk.iff#id317#guid1265757402,CarJunk.iff#id318#guid1265757402,CarJunk.iff#id319#guid1265757402,CarJunk.iff#id320#guid1265757402,CarJunk.iff#id321#guid1265757402,CarJunk.iff#id322#guid1265757402,CarJunk.iff#id323#guid1265757402,CarJunk.iff#id324#guid1265757402,CarJunk.iff#id325#guid1265757402]
07:27:25.450 autotest: AUTOTEST carseek minute=9:47 carEnt=19 maxCarEnt=20 portalEnt=1 careerFrames=411979 distinct=16 jobPerfLvlChanged=True
07:27:26.450 autotest: AUTOTEST carseek minute=9:48 carEnt=19 maxCarEnt=20 portalEnt=1 careerFrames=415639 distinct=16 jobPerfLvlChanged=True
07:27:27.450 autotest: AUTOTEST carseek minute=9:49 carEnt=19 maxCarEnt=20 portalEnt=1 careerFrames=419299 distinct=16 jobPerfLvlChanged=True
07:27:28.447 autotest: AUTOTEST carseek minute=9:50 carEnt=19 maxCarEnt=20 portalEnt=1 careerFrames=422959 distinct=16 jobPerfLvlChanged=True
07:27:29.446 autotest: AUTOTEST carseek minute=9:51 carEnt=19 maxCarEnt=20 portalEnt=1 careerFrames=426619 distinct=16 jobPerfLvlChanged=True
07:27:30.457 autotest: AUTOTEST carseek minute=9:52 carEnt=19 maxCarEnt=20 portalEnt=1 careerFrames=430279 distinct=16 jobPerfLvlChanged=True
07:27:31.439 autotest: AUTOTEST carseek minute=9:53 carEnt=19 maxCarEnt=20 portalEnt=1 careerFrames=433939 distinct=16 jobPerfLvlChanged=True
07:27:32.441 autotest: AUTOTEST carseek minute=9:54 carEnt=19 maxCarEnt=20 portalEnt=1 careerFrames=437599 distinct=16 jobPerfLvlChanged=True
07:27:33.455 autotest: AUTOTEST carseek minute=9:55 carEnt=19 maxCarEnt=20 portalEnt=1 careerFrames=441259 distinct=16 jobPerfLvlChanged=True
07:27:34.450 autotest: AUTOTEST carseek minute=9:56 carEnt=19 maxCarEnt=20 portalEnt=1 careerFrames=444919 distinct=16 jobPerfLvlChanged=True
07:27:35.430 autotest: AUTOTEST carseek minute=9:57 carEnt=19 maxCarEnt=20 portalEnt=1 careerFrames=448579 distinct=16 jobPerfLvlChanged=True
07:27:36.443 autotest: AUTOTEST carseek minute=9:58 carEnt=19 maxCarEnt=20 portalEnt=1 careerFrames=452239 distinct=16 jobPerfLvlChanged=True
07:27:37.434 autotest: AUTOTEST carseek minute=9:59 carEnt=19 maxCarEnt=20 portalEnt=1 careerFrames=455899 distinct=16 jobPerfLvlChanged=True
07:27:38.441 autotest: AUTOTEST carseek minute=10:00 carEnt=19 maxCarEnt=20 portalEnt=1 careerFrames=459559 distinct=16 jobPerfLvlChanged=True attrs[0=-1,1=7,2=0,3=0,4=310,5=16,6=1600,7=0,8=-1]
07:27:38.443 autotest: AUTOTEST carseek dialog-state gbd=null speed=1 portalBS=- wait=-
07:27:38.443 autotest: AUTOTEST carseek gate-replica hour=10 [obj=16 w56=-1 w57=4 w69=0 start=-1 | obj=18 w56=0 w57=0 w69=0 start=-1 | obj=21 w56=9 w57=0 w69=16 start=9]
07:27:38.691 autotest: AUTOTEST carseek car-entity-change carEnt=1 present=[CarPortal.iff#id8]
07:27:39.424 autotest: AUTOTEST carseek minute=10:01 carEnt=1 maxCarEnt=20 portalEnt=1 careerFrames=460740 distinct=16 jobPerfLvlChanged=True attrs[0=-1,1=7,2=0,3=0,4=310,5=16,6=1400,7=0,8=-1]
07:27:40.423 autotest: AUTOTEST carseek minute=10:02 carEnt=1 maxCarEnt=20 portalEnt=1 careerFrames=461100 distinct=16 jobPerfLvlChanged=True attrs[0=-1,1=7,2=0,3=0,4=310,5=16,6=1400,7=0,8=-1]
07:27:41.422 autotest: AUTOTEST carseek minute=10:03 carEnt=1 maxCarEnt=20 portalEnt=1 careerFrames=461460 distinct=16 jobPerfLvlChanged=True attrs[0=-1,1=7,2=0,3=0,4=310,5=16,6=1400,7=0,8=-1]
07:27:42.421 autotest: AUTOTEST carseek minute=10:04 carEnt=1 maxCarEnt=20 portalEnt=1 careerFrames=461820 distinct=16 jobPerfLvlChanged=True attrs[0=-1,1=7,2=0,3=0,4=310,5=16,6=1400,7=0,8=-1]
07:27:43.421 autotest: AUTOTEST carseek minute=10:05 carEnt=1 maxCarEnt=20 portalEnt=1 careerFrames=462180 distinct=16 jobPerfLvlChanged=True attrs[0=-1,1=7,2=0,3=0,4=310,5=16,6=1400,7=0,8=-1]
07:27:44.420 autotest: AUTOTEST carseek minute=10:06 carEnt=1 maxCarEnt=20 portalEnt=1 careerFrames=462540 distinct=16 jobPerfLvlChanged=True
07:27:45.419 autotest: AUTOTEST carseek minute=10:07 carEnt=1 maxCarEnt=20 portalEnt=1 careerFrames=462900 distinct=16 jobPerfLvlChanged=True
07:27:46.419 autotest: AUTOTEST carseek minute=10:08 carEnt=1 maxCarEnt=20 portalEnt=1 careerFrames=463260 distinct=16 jobPerfLvlChanged=True
07:27:47.418 autotest: AUTOTEST carseek minute=10:09 carEnt=1 maxCarEnt=20 portalEnt=1 careerFrames=463620 distinct=16 jobPerfLvlChanged=True
07:27:48.417 autotest: AUTOTEST carseek minute=10:10 carEnt=1 maxCarEnt=20 portalEnt=1 careerFrames=463980 distinct=16 jobPerfLvlChanged=True
07:27:49.417 autotest: AUTOTEST carseek minute=10:11 carEnt=1 maxCarEnt=20 portalEnt=1 careerFrames=464340 distinct=16 jobPerfLvlChanged=True
07:27:50.416 autotest: AUTOTEST carseek minute=10:12 carEnt=1 maxCarEnt=20 portalEnt=1 careerFrames=464700 distinct=16 jobPerfLvlChanged=True
07:27:51.416 autotest: AUTOTEST carseek minute=10:13 carEnt=1 maxCarEnt=20 portalEnt=1 careerFrames=465060 distinct=16 jobPerfLvlChanged=True
07:27:52.428 autotest: AUTOTEST carseek minute=10:14 carEnt=1 maxCarEnt=20 portalEnt=1 careerFrames=465420 distinct=16 jobPerfLvlChanged=True
07:27:53.415 autotest: AUTOTEST carseek minute=10:15 carEnt=1 maxCarEnt=20 portalEnt=1 careerFrames=465780 distinct=16 jobPerfLvlChanged=True
07:27:53.420 autotest: AUTOTEST carseek RESULT minute=615 car-entity-max=20 portal-entity-max=1 career-frames=465780 ids=[280,281,368,382,4096,4099,4100,4102,4105,4106,4110,4116,4121,4125,8192,8205] portal-owned=[280,382,4096,4100,4102,4105,4110,4116,4125] paper-owned=[280,281,368,4096,4099,4102,4106] jobPerfLvlChanged=True iff4100process=True labels4=True spawnedCars=1 attr0Max=9 returnCar=False createEvents=0/0 promoted=False promotionExact=False elapsed=214 postEndIds=[] currentCarGroups=[] worker={missing} budget=2542->2537 delta=-5 attributedPay=0 expectedPay=155 unrelatedDelta=-5 payEvents=[] createEvents=[]
07:27:53.420 autotest: AUTOTEST carseek: PASS
07:27:53.421 autotest: AUTOTEST visual-fixture restored-dialogs=2/2
RELPROBE SUMMARY calls=1206 misses=795 objectbucket=6 avatarStack=399
07:27:53.422 autotest: AUTOTEST audio end thread=HITTVOn: dead=False
07:27:53.422 autotest: AUTOTEST SUMMARY passed=142 failed=0 skipped=0
07:27:53.422 autotest: AUTOTEST RESULT PASS
AUTOTEST RESULT PASS passed=142 failed=0
07:27:53.431 exit-probe: OnExiting cancel=True screen=TS1GameScreen
07:27:53.448 exit-probe: OnExiting cancel=False screen=TS1GameScreen
07:27:53.448 exit-probe: after Run
07:27:53.501 exit-probe: after Dispose
